Key type,Value type,Number of keys,Algorithm,Trial,Number of bits,Construction time (s),Serial evaluation time (s),Parallel evaluation time (s)
m,h,100000,AceHash;4;0.8;1;1;1;0,0,1200792,0.0040554,0.000563352,0.00128507
m,h,100000,AceHash;4;0.8;1;1;1;0,1,1200792,0.00431888,0.000603136,0.000431923
m,h,100000,AceHash;4;0.8;1;1;1;0,2,1200792,0.0042961,0.000559107,0.000463464
m,h,100000,AceHash;4;0.8;1;1;1;0,3,1200792,0.00415234,0.000558589,0.000477052
m,h,100000,AceHash;4;0.8;1;1;1;0,4,1200792,0.00419476,0.000577472,0.000473093
m,h,100000,AceHash;2.5;1;1;1;1;0,0,1146000,0.00568311,0.00059135,0.000496201
m,h,100000,AceHash;2.5;1;1;1;1;0,1,1146000,0.00566681,0.000589524,0.000469635
m,h,100000,AceHash;2.5;1;1;1;1;0,2,1146000,0.00569001,0.000588091,0.000482308
m,h,100000,AceHash;2.5;1;1;1;1;0,3,1146000,0.00564707,0.000611889,0.000473598
m,h,100000,AceHash;2.5;1;1;1;1;0,4,1146000,0.00563957,0.000587601,0.000453571
m,h,100000,std::unordered_map,0,0,0.00709239,0.00223972,0.000726098
m,h,100000,std::unordered_map,1,0,0.00610078,0.002257,0.000703422
m,h,100000,std::unordered_map,2,0,0.00628408,0.00220076,0.000701655
m,h,100000,std::unordered_map,3,0,0.00625139,0.00231226,0.00074139
m,h,100000,std::unordered_map,4,0,0.00614071,0.00220901,0.000703468
m,h,100000,absl::flat_hash_map,0,0,0.00278341,0.00087147,0.000517518
m,h,100000,absl::flat_hash_map,1,0,0.00209844,0.0008566,0.000532142
m,h,100000,absl::flat_hash_map,2,0,0.00185105,0.000859594,0.000501534
m,h,100000,absl::flat_hash_map,3,0,0.00186312,0.000864187,0.000504826
m,h,100000,absl::flat_hash_map,4,0,0.00186816,0.000858004,0.000508941
m,h,100000,VectorMap;0.6,0,21333376,0.00716152,0.00158675,0.000604553
m,h,100000,VectorMap;0.6,1,21333376,0.00552615,0.00157004,0.000595919
m,h,100000,VectorMap;0.6,2,21333376,0.00536256,0.00156832,0.000605206
m,h,100000,VectorMap;0.6,3,21333376,0.00540154,0.00160713,0.000571803
m,h,100000,VectorMap;0.6,4,21333376,0.00537245,0.00157939,0.000627391
m,h,100000,VectorMap;0.7,0,18285824,0.00539301,0.00175714,0.000641301
m,h,100000,VectorMap;0.7,1,18285824,0.00533639,0.00176326,0.000639538
m,h,100000,VectorMap;0.7,2,18285824,0.00532557,0.00175923,0.000620539
m,h,100000,VectorMap;0.7,3,18285824,0.00531168,0.00176267,0.000633411
m,h,100000,VectorMap;0.7,4,18285824,0.00533086,0.00176203,0.0006057
m,h,100000,VectorMap;0.8,0,16000000,0.0053063,0.00191506,0.000646139
m,h,100000,VectorMap;0.8,1,16000000,0.00530401,0.00192092,0.00065225
m,h,100000,VectorMap;0.8,2,16000000,0.00531771,0.00191844,0.000637994
m,h,100000,VectorMap;0.8,3,16000000,0.00531478,0.00191025,0.000663462
m,h,100000,VectorMap;0.8,4,16000000,0.00530944,0.00191998,0.000680536
m,h,100000,BBHash;2;0,0,1174976,0.0360852,0.00971121,0.00154882
m,h,100000,BBHash;2;0,1,1174976,0.0444582,0.00902333,0.00153854
m,h,100000,BBHash;2;0,2,1174976,0.0470697,0.00969384,0.00143352
m,h,100000,BBHash;2;0,3,1174976,0.0422491,0.0092219,0.0015634
m,h,100000,BBHash;2;0,4,1174976,0.0370667,0.00802238,0.00136189
m,h,100000,BBHash;5;0,0,1491520,0.0302596,0.00874994,0.0014063
m,h,100000,BBHash;5;0,1,1491520,0.0294804,0.00849294,0.00127951
m,h,100000,BBHash;5;0,2,1491520,0.0281192,0.00701276,0.00140371
m,h,100000,BBHash;5;0,3,1491520,0.0235318,0.00701551,0.00140511
m,h,100000,BBHash;5;0,4,1491520,0.0251522,0.00760936,0.0013734
m,h,100000,PTHash;5;0.8;dictionary-dictionary;0,0,1236352,0.023494,0.00200126,0.000795129
m,h,100000,PTHash;5;0.8;dictionary-dictionary;0,1,1215104,0.0212747,0.00184436,0.000783348
m,h,100000,PTHash;5;0.8;dictionary-dictionary;0,2,1236288,0.0208867,0.00183608,0.000788272
m,h,100000,PTHash;5;0.8;dictionary-dictionary;0,3,1215104,0.0208726,0.00183831,0.000782486
m,h,100000,PTHash;5;0.8;dictionary-dictionary;0,4,1215040,0.0207933,0.00182814,0.0007691
m,h,100000,PTHash;8;0.98;dictionary-dictionary;1,0,1208832,0.021566,0.00203534,0.000814844
m,h,100000,PTHash;8;0.98;dictionary-dictionary;1,1,1208896,0.0216971,0.00203494,0.000804302
m,h,100000,PTHash;8;0.98;dictionary-dictionary;1,2,1208896,0.0214655,0.00202727,0.000800309
m,h,100000,PTHash;8;0.98;dictionary-dictionary;1,3,1208768,0.021547,0.00202881,0.000817958
m,h,100000,PTHash;8;0.98;dictionary-dictionary;1,4,1208896,0.0216537,0.00203436,0.000797797
m,m,100000,AceHash;4;0.8;1;1;1;0,0,8200760,0.00388203,0.000614804,0.000537759
m,m,100000,AceHash;4;0.8;1;1;1;0,1,8200760,0.00418131,0.00061123,0.000549983
m,m,100000,AceHash;4;0.8;1;1;1;0,2,8200760,0.00417867,0.000611848,0.000534403
m,m,100000,AceHash;4;0.8;1;1;1;0,3,8200760,0.00419367,0.000612604,0.000528926
m,m,100000,AceHash;4;0.8;1;1;1;0,4,8200760,0.00418477,0.000616626,0.000522723
m,m,100000,AceHash;2.5;1;1;1;1;0,0,6748224,0.00568994,0.000617388,0.000552914
m,m,100000,AceHash;2.5;1;1;1;1;0,1,6748224,0.00568299,0.00061465,0.000533731
m,m,100000,AceHash;2.5;1;1;1;1;0,2,6748224,0.00567786,0.000614989,0.000506102
m,m,100000,AceHash;2.5;1;1;1;1;0,3,6748224,0.00565593,0.000615461,0.000526909
m,m,100000,AceHash;2.5;1;1;1;1;0,4,6748224,0.00567292,0.000614862,0.000543794
m,m,100000,std::unordered_map,0,0,0.00690909,0.00231371,0.000722656
m,m,100000,std::unordered_map,1,0,0.00632035,0.00225101,0.000744316
m,m,100000,std::unordered_map,2,0,0.00637154,0.00224238,0.00074244
m,m,100000,std::unordered_map,3,0,0.00624879,0.00224437,0.000716413
m,m,100000,std::unordered_map,4,0,0.00634334,0.00223887,0.000695673
m,m,100000,absl::flat_hash_map,0,0,0.00164959,0.000786022,0.000498993
m,m,100000,absl::flat_hash_map,1,0,0.00174023,0.000789376,0.000504746
m,m,100000,absl::flat_hash_map,2,0,0.00175553,0.000781039,0.000531318
m,m,100000,absl::flat_hash_map,3,0,0.00174735,0.000780972,0.000492223
m,m,100000,absl::flat_hash_map,4,0,0.00177903,0.000781822,0.000498012
m,m,100000,VectorMap;0.6,0,21333376,0.00554105,0.0015912,0.000599344
m,m,100000,VectorMap;0.6,1,21333376,0.0053176,0.00159255,0.000601923
m,m,100000,VectorMap;0.6,2,21333376,0.00530405,0.00159319,0.000587211
m,m,100000,VectorMap;0.6,3,21333376,0.00530144,0.00160713,0.000607605
m,m,100000,VectorMap;0.6,4,21333376,0.0053021,0.00159793,0.00059246
m,m,100000,VectorMap;0.7,0,18285824,0.00529003,0.00182337,0.000637802
m,m,100000,VectorMap;0.7,1,18285824,0.0052896,0.00181646,0.00063119
m,m,100000,VectorMap;0.7,2,18285824,0.00537272,0.00181099,0.000622618
m,m,100000,VectorMap;0.7,3,18285824,0.00538841,0.00181829,0.000622204
m,m,100000,VectorMap;0.7,4,18285824,0.00529178,0.001798,0.000626442
m,m,100000,VectorMap;0.8,0,16000000,0.0053011,0.00199082,0.000657644
m,m,100000,VectorMap;0.8,1,16000000,0.00529938,0.00197675,0.000664078
m,m,100000,VectorMap;0.8,2,16000000,0.00530875,0.00198931,0.000655752
m,m,100000,VectorMap;0.8,3,16000000,0.0052942,0.00197823,0.000647819
m,m,100000,VectorMap;0.8,4,16000000,0.00530505,0.00198955,0.000668682
m,m,100000,BBHash;2;0,0,6774976,0.0448249,0.00952946,0.00159881
m,m,100000,BBHash;2;0,1,6774976,0.0464708,0.00969372,0.00161699
m,m,100000,BBHash;2;0,2,6774976,0.0459924,0.00937521,0.00157626
m,m,100000,BBHash;2;0,3,6774976,0.0473395,0.00987446,0.0014735
m,m,100000,BBHash;2;0,4,6774976,0.0483098,0.00983324,0.00148839
m,m,100000,BBHash;5;0,0,7091520,0.0324198,0.00814255,0.00147479
m,m,100000,BBHash;5;0,1,7091520,0.0306972,0.00797512,0.00148429
m,m,100000,BBHash;5;0,2,7091520,0.031085,0.0076327,0.00138109
m,m,100000,BBHash;5;0,3,7091520,0.0314018,0.00852957,0.0014849
m,m,100000,BBHash;5;0,4,7091520,0.0309208,0.00784341,0.00150629
m,m,100000,PTHash;5;0.8;dictionary-dictionary;0,0,8215168,0.0241938,0.00212259,0.000918977
m,m,100000,PTHash;5;0.8;dictionary-dictionary;0,1,8215040,0.0213831,0.00201854,0.000896214
m,m,100000,PTHash;5;0.8;dictionary-dictionary;0,2,8214976,0.021088,0.00200953,0.000845501
m,m,100000,PTHash;5;0.8;dictionary-dictionary;0,3,8236224,0.0206175,0.00199477,0.000870564
m,m,100000,PTHash;5;0.8;dictionary-dictionary;0,4,8215104,0.0207898,0.00199821,0.000847539
m,m,100000,PTHash;8;0.98;dictionary-dictionary;1,0,6923136,0.0215414,0.00198692,0.000880148
m,m,100000,PTHash;8;0.98;dictionary-dictionary;1,1,6923072,0.0214825,0.00198961,0.000880543
m,m,100000,PTHash;8;0.98;dictionary-dictionary;1,2,6922880,0.0214389,0.00198627,0.000868824
m,m,100000,PTHash;8;0.98;dictionary-dictionary;1,3,6923072,0.0215278,0.00198299,0.000876741
m,m,100000,PTHash;8;0.98;dictionary-dictionary;1,4,6923072,0.021688,0.00198256,0.000899329
m,h,200000,AceHash;4;0.8;1;1;1;0,0,2401120,0.00934137,0.00107501,0.000686969
m,h,200000,AceHash;4;0.8;1;1;1;0,1,2401120,0.00955112,0.0010738,0.000652856
m,h,200000,AceHash;4;0.8;1;1;1;0,2,2401120,0.00954429,0.00107479,0.000649109
m,h,200000,AceHash;4;0.8;1;1;1;0,3,2401120,0.00954617,0.00108072,0.000637919
m,h,200000,AceHash;4;0.8;1;1;1;0,4,2401120,0.0095364,0.00108048,0.000651136
m,h,200000,AceHash;2.5;1;1;1;1;0,0,2293896,0.0109458,0.00111502,0.000656641
m,h,200000,AceHash;2.5;1;1;1;1;0,1,2293896,0.0109302,0.00111105,0.000646524
m,h,200000,AceHash;2.5;1;1;1;1;0,2,2293896,0.0109347,0.00111031,0.000680046
m,h,200000,AceHash;2.5;1;1;1;1;0,3,2293896,0.0109261,0.00111282,0.000692194
m,h,200000,AceHash;2.5;1;1;1;1;0,4,2293896,0.0109335,0.00111745,0.000661754
m,h,200000,std::unordered_map,0,0,0.0130305,0.004774,0.00123093
m,h,200000,std::unordered_map,1,0,0.0124442,0.0048326,0.00120587
m,h,200000,std::unordered_map,2,0,0.0126612,0.00474413,0.00121422
m,h,200000,std::unordered_map,3,0,0.0125404,0.0047456,0.00122695
m,h,200000,std::unordered_map,4,0,0.0125129,0.00474176,0.00122345
m,h,200000,absl::flat_hash_map,0,0,0.00286187,0.00191107,0.000807402
m,h,200000,absl::flat_hash_map,1,0,0.00344891,0.00190095,0.000851016
m,h,200000,absl::flat_hash_map,2,0,0.0034618,0.00190823,0.000806397
m,h,200000,absl::flat_hash_map,3,0,0.00352277,0.00190169,0.000819649
m,h,200000,absl::flat_hash_map,4,0,0.00348655,0.00194328,0.000819875
m,h,200000,VectorMap;0.6,0,42666752,0.016596,0.00343223,0.00101251
m,h,200000,VectorMap;0.6,1,42666752,0.0133907,0.00329077,0.000973322
m,h,200000,VectorMap;0.6,2,42666752,0.0110205,0.00329071,0.000954138
m,h,200000,VectorMap;0.6,3,42666752,0.0110311,0.00330613,0.000988034
m,h,200000,VectorMap;0.6,4,42666752,0.0110169,0.00330498,0.00101132
m,h,200000,VectorMap;0.7,0,36571520,0.0127939,0.0038077,0.00105067
m,h,200000,VectorMap;0.7,1,36571520,0.0111265,0.0037449,0.00107418
m,h,200000,VectorMap;0.7,2,36571520,0.0110406,0.0037809,0.00107341
m,h,200000,VectorMap;0.7,3,36571520,0.0110949,0.00376581,0.0010594
m,h,200000,VectorMap;0.7,4,36571520,0.0110332,0.00378618,0.00106094
m,h,200000,VectorMap;0.8,0,32000000,0.0111185,0.00424501,0.00109978
m,h,200000,VectorMap;0.8,1,32000000,0.0111023,0.00422133,0.00110088
m,h,200000,VectorMap;0.8,2,32000000,0.0111032,0.00423424,0.0010915
m,h,200000,VectorMap;0.8,3,32000000,0.0111057,0.00425365,0.00113233
m,h,200000,VectorMap;0.8,4,32000000,0.011116,0.00425106,0.00113129
m,h,200000,BBHash;2;0,0,2346112,0.0821033,0.01235,0.00270528
m,h,200000,BBHash;2;0,1,2346112,0.0832859,0.012611,0.00275723
m,h,200000,BBHash;2;0,2,2346112,0.0829478,0.0124982,0.00262924
m,h,200000,BBHash;2;0,3,2346112,0.0700437,0.0127456,0.00269565
m,h,200000,BBHash;2;0,4,2346112,0.0841055,0.0129005,0.00270451
m,h,200000,BBHash;5;0,0,2978560,0.0553633,0.0112894,0.00236264
m,h,200000,BBHash;5;0,1,2978560,0.0576775,0.0114335,0.0023933
m,h,200000,BBHash;5;0,2,2978560,0.0547706,0.0110333,0.00242378
m,h,200000,BBHash;5;0,3,2978560,0.0545293,0.0105242,0.00243511
m,h,200000,BBHash;5;0,4,2978560,0.0589775,0.0116671,0.0022474
m,h,200000,PTHash;5;0.8;dictionary-dictionary;0,0,2442112,0.044388,0.00373659,0.00134036
m,h,200000,PTHash;5;0.8;dictionary-dictionary;0,1,2442304,0.0435428,0.00372326,0.00130612
m,h,200000,PTHash;5;0.8;dictionary-dictionary;0,2,2442176,0.0433579,0.00371953,0.00130871
m,h,200000,PTHash;5;0.8;dictionary-dictionary;0,3,2442112,0.0429086,0.00371413,0.00131012
m,h,200000,PTHash;5;0.8;dictionary-dictionary;0,4,2442048,0.0430209,0.00371565,0.00130166
m,h,200000,PTHash;8;0.98;dictionary-dictionary;1,0,2371016,0.0449333,0.00411824,0.00139636
m,h,200000,PTHash;8;0.98;dictionary-dictionary;1,1,2371080,0.0457217,0.00410923,0.00139074
m,h,200000,PTHash;8;0.98;dictionary-dictionary;1,2,2370952,0.0444915,0.004117,0.00138717
m,h,200000,PTHash;8;0.98;dictionary-dictionary;1,3,2370952,0.0445368,0.00411493,0.00141141
m,h,200000,PTHash;8;0.98;dictionary-dictionary;1,4,2371016,0.0445704,0.00415414,0.00134767
m,m,200000,AceHash;4;0.8;1;1;1;0,0,16401944,0.00937318,0.00138742,0.000760276
m,m,200000,AceHash;4;0.8;1;1;1;0,1,16401944,0.00970338,0.00137666,0.000766506
m,m,200000,AceHash;4;0.8;1;1;1;0,2,16401944,0.00971604,0.00137835,0.000764405
m,m,200000,AceHash;4;0.8;1;1;1;0,3,16401944,0.00970354,0.00137584,0.000770778
m,m,200000,AceHash;4;0.8;1;1;1;0,4,16401944,0.00970094,0.00137893,0.000754359
m,m,200000,AceHash;2.5;1;1;1;1;0,0,13493320,0.0112965,0.00140461,0.000742478
m,m,200000,AceHash;2.5;1;1;1;1;0,1,13493320,0.0110985,0.00140009,0.000747507
m,m,200000,AceHash;2.5;1;1;1;1;0,2,13493320,0.0110966,0.00139765,0.00074821
m,m,200000,AceHash;2.5;1;1;1;1;0,3,13493320,0.0110908,0.00140038,0.000754087
m,m,200000,AceHash;2.5;1;1;1;1;0,4,13493320,0.0111008,0.00141045,0.000752463
m,m,200000,std::unordered_map,0,0,0.0146568,0.00494572,0.00122031
m,m,200000,std::unordered_map,1,0,0.0130668,0.00484316,0.00125354
m,m,200000,std::unordered_map,2,0,0.0129983,0.00481486,0.0013944
m,m,200000,std::unordered_map,3,0,0.0130096,0.00487055,0.00121547
m,m,200000,std::unordered_map,4,0,0.0130816,0.00481512,0.00121548
m,m,200000,absl::flat_hash_map,0,0,0.00421333,0.00182583,0.000803125
m,m,200000,absl::flat_hash_map,1,0,0.00341859,0.00177374,0.000763492
m,m,200000,absl::flat_hash_map,2,0,0.0034931,0.00179384,0.00079449
m,m,200000,absl::flat_hash_map,3,0,0.00353296,0.00177884,0.000789791
m,m,200000,absl::flat_hash_map,4,0,0.00342586,0.00176737,0.000781313
m,m,200000,VectorMap;0.6,0,42666752,0.0117114,0.00341458,0.00100881
m,m,200000,VectorMap;0.6,1,42666752,0.0110548,0.00337466,0.000950825
m,m,200000,VectorMap;0.6,2,42666752,0.0113851,0.00347159,0.000984455
m,m,200000,VectorMap;0.6,3,42666752,0.0113135,0.00343796,0.000933176
m,m,200000,VectorMap;0.6,4,42666752,0.0113093,0.00337977,0.000975456
m,m,200000,VectorMap;0.7,0,36571520,0.0111458,0.00390921,0.00104462
m,m,200000,VectorMap;0.7,1,36571520,0.0109922,0.00393213,0.00105848
m,m,200000,VectorMap;0.7,2,36571520,0.0109951,0.00390502,0.00107983
m,m,200000,VectorMap;0.7,3,36571520,0.0110019,0.00393536,0.00109753
m,m,200000,VectorMap;0.7,4,36571520,0.0115108,0.00407977,0.0009743
m,m,200000,VectorMap;0.8,0,32000000,0.011469,0.00453502,0.00114021
m,m,200000,VectorMap;0.8,1,32000000,0.0114212,0.00451228,0.00111482
m,m,200000,VectorMap;0.8,2,32000000,0.0113874,0.00456188,0.00107365
m,m,200000,VectorMap;0.8,3,32000000,0.0113288,0.00445499,0.00112461
m,m,200000,VectorMap;0.8,4,32000000,0.0110597,0.00440221,0.00113721
m,m,200000,BBHash;2;0,0,13546112,0.0807298,0.0127491,0.00278612
m,m,200000,BBHash;2;0,1,13546112,0.0812182,0.0129137,0.00277509
m,m,200000,BBHash;2;0,2,13546112,0.0838208,0.0132739,0.002687
m,m,200000,BBHash;2;0,3,13546112,0.0835288,0.0126148,0.00270004
m,m,200000,BBHash;2;0,4,13546112,0.0832214,0.0131385,0.00278235
m,m,200000,BBHash;5;0,0,14178560,0.0562116,0.0117362,0.00249928
m,m,200000,BBHash;5;0,1,14178560,0.0551935,0.0112238,0.00240659
m,m,200000,BBHash;5;0,2,14178560,0.0558117,0.0112628,0.00249167
m,m,200000,BBHash;5;0,3,14178560,0.0547526,0.0113678,0.00235286
m,m,200000,BBHash;5;0,4,14178560,0.0548248,0.0116885,0.00252284
m,m,200000,PTHash;5;0.8;dictionary-dictionary;0,0,16442112,0.0443017,0.00424067,0.00142568
m,m,200000,PTHash;5;0.8;dictionary-dictionary;0,1,16442112,0.0432277,0.00418065,0.00145379
m,m,200000,PTHash;5;0.8;dictionary-dictionary;0,2,16442048,0.0428838,0.00416856,0.00141844
m,m,200000,PTHash;5;0.8;dictionary-dictionary;0,3,16442112,0.0429817,0.00417022,0.00139314
m,m,200000,PTHash;5;0.8;dictionary-dictionary;0,4,16442304,0.0430509,0.00416196,0.00139732
m,m,200000,PTHash;8;0.98;dictionary-dictionary;1,0,13799616,0.0447821,0.00415028,0.00150635
m,m,200000,PTHash;8;0.98;dictionary-dictionary;1,1,13799488,0.0449059,0.00416038,0.00148656
m,m,200000,PTHash;8;0.98;dictionary-dictionary;1,2,13799424,0.0443236,0.00441231,0.00154064
m,m,200000,PTHash;8;0.98;dictionary-dictionary;1,3,13799488,0.0453552,0.00414976,0.00149646
m,m,200000,PTHash;8;0.98;dictionary-dictionary;1,4,13799680,0.0447016,0.00415887,0.00150715
m,h,500000,AceHash;4;0.8;1;1;1;0,0,6005440,0.0260225,0.00343502,0.0012819
m,h,500000,AceHash;4;0.8;1;1;1;0,1,6005440,0.0248351,0.00338791,0.00126032
m,h,500000,AceHash;4;0.8;1;1;1;0,2,6005440,0.0248871,0.00338846,0.0012311
m,h,500000,AceHash;4;0.8;1;1;1;0,3,6005440,0.0249826,0.00338664,0.00123568
m,h,500000,AceHash;4;0.8;1;1;1;0,4,6005440,0.0249967,0.00332918,0.00125975
m,h,500000,AceHash;2.5;1;1;1;1;0,0,5736592,0.0283579,0.00339317,0.00128382
m,h,500000,AceHash;2.5;1;1;1;1;0,1,5736592,0.0283724,0.0033664,0.00129698
m,h,500000,AceHash;2.5;1;1;1;1;0,2,5736592,0.028281,0.00332827,0.00128657
m,h,500000,AceHash;2.5;1;1;1;1;0,3,5736592,0.0284036,0.00332371,0.00129557
m,h,500000,AceHash;2.5;1;1;1;1;0,4,5736592,0.0283559,0.00339142,0.00128379
m,h,500000,std::unordered_map,0,0,0.0361665,0.0137514,0.00293314
m,h,500000,std::unordered_map,1,0,0.0334442,0.0134552,0.00292913
m,h,500000,std::unordered_map,2,0,0.0339214,0.0134692,0.00281415
m,h,500000,std::unordered_map,3,0,0.03394,0.0135758,0.00283103
m,h,500000,std::unordered_map,4,0,0.0340471,0.013424,0.00284639
m,h,500000,absl::flat_hash_map,0,0,0.0261137,0.0103995,0.00214874
m,h,500000,absl::flat_hash_map,1,0,0.0242062,0.010347,0.00215093
m,h,500000,absl::flat_hash_map,2,0,0.0145103,0.0103426,0.00210326
m,h,500000,absl::flat_hash_map,3,0,0.0146245,0.0103764,0.00210729
m,h,500000,absl::flat_hash_map,4,0,0.0146046,0.010369,0.00211448
m,h,500000,VectorMap;0.6,0,106666752,0.0493169,0.0114381,0.00235484
m,h,500000,VectorMap;0.6,1,106666752,0.0359577,0.0111393,0.00233289
m,h,500000,VectorMap;0.6,2,106666752,0.036095,0.0111962,0.0023638
m,h,500000,VectorMap;0.6,3,106666752,0.0362027,0.0111347,0.0024089
m,h,500000,VectorMap;0.6,4,106666752,0.0360135,0.011063,0.00234503
m,h,500000,VectorMap;0.7,0,91428608,0.0343255,0.0119304,0.00254537
m,h,500000,VectorMap;0.7,1,91428608,0.033389,0.0117828,0.00249281
m,h,500000,VectorMap;0.7,2,91428608,0.0337889,0.0118963,0.00250283
m,h,500000,VectorMap;0.7,3,91428608,0.0332849,0.0119172,0.00282927
m,h,500000,VectorMap;0.7,4,91428608,0.038715,0.0124802,0.00260485
m,h,500000,VectorMap;0.8,0,80000000,0.033325,0.0130779,0.00271795
m,h,500000,VectorMap;0.8,1,80000000,0.0324778,0.0128935,0.00270067
m,h,500000,VectorMap;0.8,2,80000000,0.035734,0.0135814,0.00269566
m,h,500000,VectorMap;0.8,3,80000000,0.032482,0.0129163,0.00270553
m,h,500000,VectorMap;0.8,4,80000000,0.0323158,0.0129182,0.00269429
m,h,500000,BBHash;2;0,0,5858816,0.154307,0.0264485,0.00638034
m,h,500000,BBHash;2;0,1,5858816,0.152635,0.0263798,0.00640651
m,h,500000,BBHash;2;0,2,5858816,0.147769,0.0265419,0.00638418
m,h,500000,BBHash;2;0,3,5858816,0.145972,0.0264702,0.00639615
m,h,500000,BBHash;2;0,4,5858816,0.146594,0.0264794,0.00646412
m,h,500000,BBHash;5;0,0,7439616,0.107796,0.0233274,0.00558154
m,h,500000,BBHash;5;0,1,7439616,0.110192,0.0229334,0.00561145
m,h,500000,BBHash;5;0,2,7439616,0.109274,0.0227796,0.00556031
m,h,500000,BBHash;5;0,3,7439616,0.10628,0.0227103,0.00560453
m,h,500000,BBHash;5;0,4,7439616,0.110398,0.0229732,0.00556851
m,h,500000,PTHash;5;0.8;dictionary-dictionary;0,0,6062400,0.118113,0.00978617,0.00298857
m,h,500000,PTHash;5;0.8;dictionary-dictionary;0,1,6062208,0.116942,0.00988582,0.00297759
m,h,500000,PTHash;5;0.8;dictionary-dictionary;0,2,6062208,0.115946,0.00975073,0.00298278
m,h,500000,PTHash;5;0.8;dictionary-dictionary;0,3,6062144,0.115918,0.00980908,0.00324572
m,h,500000,PTHash;5;0.8;dictionary-dictionary;0,4,6062144,0.116965,0.00998258,0.00308859
m,h,500000,PTHash;8;0.98;dictionary-dictionary;1,0,5945488,0.119249,0.0107221,0.00316421
m,h,500000,PTHash;8;0.98;dictionary-dictionary;1,1,5945936,0.119276,0.0107539,0.00314906
m,h,500000,PTHash;8;0.98;dictionary-dictionary;1,2,5945552,0.119435,0.0107222,0.00319173
m,h,500000,PTHash;8;0.98;dictionary-dictionary;1,3,5945488,0.118024,0.0107282,0.00319738
m,h,500000,PTHash;8;0.98;dictionary-dictionary;1,4,5945680,0.119947,0.0108743,0.00314489
m,m,500000,AceHash;4;0.8;1;1;1;0,0,41003208,0.0263056,0.00484131,0.00159559
m,m,500000,AceHash;4;0.8;1;1;1;0,1,41003208,0.0259028,0.00471448,0.00152347
m,m,500000,AceHash;4;0.8;1;1;1;0,2,41003208,0.025945,0.00471536,0.00155142
m,m,500000,AceHash;4;0.8;1;1;1;0,3,41003208,0.0257947,0.00469888,0.00157357
m,m,500000,AceHash;4;0.8;1;1;1;0,4,41003208,0.0258659,0.00472073,0.00152432
m,m,500000,AceHash;2.5;1;1;1;1;0,0,33736592,0.029323,0.00496099,0.00151448
m,m,500000,AceHash;2.5;1;1;1;1;0,1,33736592,0.0295158,0.00499682,0.00156062
m,m,500000,AceHash;2.5;1;1;1;1;0,2,33736592,0.0293678,0.0049641,0.00148648
m,m,500000,AceHash;2.5;1;1;1;1;0,3,33736592,0.0293978,0.00496106,0.00151446
m,m,500000,AceHash;2.5;1;1;1;1;0,4,33736592,0.0293867,0.00496282,0.00155939
m,m,500000,std::unordered_map,0,0,0.0347093,0.0141544,0.0029315
m,m,500000,std::unordered_map,1,0,0.0347756,0.0138969,0.0028953
m,m,500000,std::unordered_map,2,0,0.0347233,0.0138664,0.00290904
m,m,500000,std::unordered_map,3,0,0.0337685,0.013829,0.00290508
m,m,500000,std::unordered_map,4,0,0.0349316,0.013967,0.00286696
m,m,500000,absl::flat_hash_map,0,0,0.0163726,0.0100322,0.00204591
m,m,500000,absl::flat_hash_map,1,0,0.015245,0.00986422,0.00204186
m,m,500000,absl::flat_hash_map,2,0,0.0152362,0.00984775,0.00205091
m,m,500000,absl::flat_hash_map,3,0,0.0152064,0.0098587,0.00203491
m,m,500000,absl::flat_hash_map,4,0,0.0152804,0.00984233,0.0020389
m,m,500000,VectorMap;0.6,0,106666752,0.039624,0.0115028,0.00235192
m,m,500000,VectorMap;0.6,1,106666752,0.0374319,0.0114584,0.00232629
m,m,500000,VectorMap;0.6,2,106666752,0.0376989,0.0113768,0.00234778
m,m,500000,VectorMap;0.6,3,106666752,0.0377119,0.0114479,0.00233018
m,m,500000,VectorMap;0.6,4,106666752,0.0376411,0.0116017,0.00236489
m,m,500000,VectorMap;0.7,0,91428608,0.0354668,0.0124666,0.00257639
m,m,500000,VectorMap;0.7,1,91428608,0.034493,0.0123867,0.00248322
m,m,500000,VectorMap;0.7,2,91428608,0.0352638,0.0125422,0.00256315
m,m,500000,VectorMap;0.7,3,91428608,0.0348189,0.0124796,0.00253567
m,m,500000,VectorMap;0.7,4,91428608,0.0345811,0.0123871,0.00251397
m,m,500000,VectorMap;0.8,0,80000000,0.0338294,0.0135728,0.00270266
m,m,500000,VectorMap;0.8,1,80000000,0.0329442,0.0135338,0.0027288
m,m,500000,VectorMap;0.8,2,80000000,0.0328586,0.0135571,0.00271648
m,m,500000,VectorMap;0.8,3,80000000,0.03275,0.0135693,0.00271272
m,m,500000,VectorMap;0.8,4,80000000,0.0331334,0.0136771,0.00271697
m,m,500000,BBHash;2;0,0,33858816,0.149621,0.0275088,0.00661276
m,m,500000,BBHash;2;0,1,33858816,0.152251,0.0279727,0.00661803
m,m,500000,BBHash;2;0,2,33858816,0.148074,0.0280625,0.00658481
m,m,500000,BBHash;2;0,3,33858816,0.149475,0.0278357,0.0066039
m,m,500000,BBHash;2;0,4,33858816,0.151825,0.0276763,0.00659545
m,m,500000,BBHash;5;0,0,35439616,0.110346,0.024944,0.00566956
m,m,500000,BBHash;5;0,1,35439616,0.110968,0.0249319,0.00586168
m,m,500000,BBHash;5;0,2,35439616,0.108933,0.0249447,0.00584554
m,m,500000,BBHash;5;0,3,35439616,0.108359,0.0250185,0.00581867
m,m,500000,BBHash;5;0,4,35439616,0.107008,0.0253549,0.00583756
m,m,500000,PTHash;5;0.8;dictionary-dictionary;0,0,41062272,0.117725,0.0110417,0.00328616
m,m,500000,PTHash;5;0.8;dictionary-dictionary;0,1,41062144,0.115632,0.0110568,0.00333341
m,m,500000,PTHash;5;0.8;dictionary-dictionary;0,2,41062080,0.115657,0.0110012,0.00334573
m,m,500000,PTHash;5;0.8;dictionary-dictionary;0,3,41062208,0.119123,0.0112879,0.00326226
m,m,500000,PTHash;5;0.8;dictionary-dictionary;0,4,41062208,0.117683,0.0110363,0.00327276
m,m,500000,PTHash;8;0.98;dictionary-dictionary;1,0,34517232,0.119633,0.0113004,0.00340861
m,m,500000,PTHash;8;0.98;dictionary-dictionary;1,1,34516912,0.119251,0.0112622,0.00336863
m,m,500000,PTHash;8;0.98;dictionary-dictionary;1,2,34517296,0.118993,0.0112598,0.00347216
m,m,500000,PTHash;8;0.98;dictionary-dictionary;1,3,34517360,0.119165,0.0112935,0.00341528
m,m,500000,PTHash;8;0.98;dictionary-dictionary;1,4,34516976,0.119065,0.0112672,0.00345797
m,h,1000000,AceHash;4;0.8;1;1;1;0,0,12007528,0.0542584,0.00812125,0.0023144
m,h,1000000,AceHash;4;0.8;1;1;1;0,1,12007528,0.0551434,0.00816997,0.00229745
m,h,1000000,AceHash;4;0.8;1;1;1;0,2,12007528,0.0551451,0.00811912,0.00224495
m,h,1000000,AceHash;4;0.8;1;1;1;0,3,12007528,0.0550673,0.00815945,0.00231737
m,h,1000000,AceHash;4;0.8;1;1;1;0,4,12007528,0.055278,0.0082623,0.00229642
m,h,1000000,AceHash;2.5;1;1;1;1;0,0,11474000,0.062575,0.00876477,0.00238711
m,h,1000000,AceHash;2.5;1;1;1;1;0,1,11474000,0.0627985,0.00876144,0.00242916
m,h,1000000,AceHash;2.5;1;1;1;1;0,2,11474000,0.0627204,0.00877281,0.00243721
m,h,1000000,AceHash;2.5;1;1;1;1;0,3,11474000,0.0626414,0.00878672,0.00237208
m,h,1000000,AceHash;2.5;1;1;1;1;0,4,11474000,0.0631634,0.00876376,0.00240381
m,h,1000000,std::unordered_map,0,0,0.0806731,0.0315148,0.00595202
m,h,1000000,std::unordered_map,1,0,0.0750716,0.0313211,0.00587228
m,h,1000000,std::unordered_map,2,0,0.0754679,0.0313178,0.00593397
m,h,1000000,std::unordered_map,3,0,0.0750027,0.0313868,0.00591662
m,h,1000000,std::unordered_map,4,0,0.0751475,0.0312599,0.00594639
m,h,1000000,absl::flat_hash_map,0,0,0.0627279,0.0266846,0.00474258
m,h,1000000,absl::flat_hash_map,1,0,0.0618965,0.0266995,0.00477016
m,h,1000000,absl::flat_hash_map,2,0,0.0620185,0.0266536,0.0047502
m,h,1000000,absl::flat_hash_map,3,0,0.0619648,0.0266734,0.00475014
m,h,1000000,absl::flat_hash_map,4,0,0.0619737,0.0266562,0.00473747
m,h,1000000,VectorMap;0.6,0,213333376,0.121706,0.0333217,0.0051434
m,h,1000000,VectorMap;0.6,1,213333376,0.12073,0.0333369,0.00524639
m,h,1000000,VectorMap;0.6,2,213333376,0.106487,0.0334694,0.00517523
m,h,1000000,VectorMap;0.6,3,213333376,0.106386,0.0331836,0.00517417
m,h,1000000,VectorMap;0.6,4,213333376,0.106476,0.033369,0.0051892
m,h,1000000,VectorMap;0.7,0,182857216,0.10135,0.0359381,0.00565926
m,h,1000000,VectorMap;0.7,1,182857216,0.100046,0.0359919,0.00568307
m,h,1000000,VectorMap;0.7,2,182857216,0.0999362,0.0359658,0.00564806
m,h,1000000,VectorMap;0.7,3,182857216,0.100096,0.0358054,0.0056571
m,h,1000000,VectorMap;0.7,4,182857216,0.10009,0.0359418,0.00560298
m,h,1000000,VectorMap;0.8,0,160000000,0.105715,0.0384245,0.00612215
m,h,1000000,VectorMap;0.8,1,160000000,0.0943511,0.0383054,0.00612958
m,h,1000000,VectorMap;0.8,2,160000000,0.0944832,0.0384837,0.00616144
m,h,1000000,VectorMap;0.8,3,160000000,0.0943874,0.0384022,0.0061542
m,h,1000000,VectorMap;0.8,4,160000000,0.0943897,0.0384115,0.00606389
m,h,1000000,BBHash;2;0,0,11713664,0.232611,0.0542316,0.0126523
m,h,1000000,BBHash;2;0,1,11713664,0.224177,0.0547582,0.0126466
m,h,1000000,BBHash;2;0,2,11713664,0.22139,0.0543269,0.0126041
m,h,1000000,BBHash;2;0,3,11713664,0.224071,0.0545037,0.0127038
m,h,1000000,BBHash;2;0,4,11713664,0.228233,0.0545129,0.0125984
m,h,1000000,BBHash;5;0,0,14874816,0.164825,0.0511195,0.0111662
m,h,1000000,BBHash;5;0,1,14874816,0.173746,0.0518398,0.010992
m,h,1000000,BBHash;5;0,2,14874816,0.174145,0.051685,0.0110938
m,h,1000000,BBHash;5;0,3,14874816,0.171159,0.051384,0.0109414
m,h,1000000,BBHash;5;0,4,14874816,0.165669,0.0508287,0.0111647
m,h,1000000,PTHash;5;0.8;dictionary-dictionary;0,0,12189376,0.24668,0.0208351,0.00581144
m,h,1000000,PTHash;5;0.8;dictionary-dictionary;0,1,12013440,0.245882,0.0206609,0.0059415
m,h,1000000,PTHash;5;0.8;dictionary-dictionary;0,2,12013632,0.248633,0.02069,0.00588051
m,h,1000000,PTHash;5;0.8;dictionary-dictionary;0,3,12013632,0.248983,0.0206997,0.00585516
m,h,1000000,PTHash;5;0.8;dictionary-dictionary;0,4,12013696,0.249532,0.0206933,0.00585859
m,h,1000000,PTHash;8;0.98;dictionary-dictionary;1,0,11827744,0.250223,0.0234027,0.00628919
m,h,1000000,PTHash;8;0.98;dictionary-dictionary;1,1,11828064,0.251019,0.0233277,0.0062793
m,h,1000000,PTHash;8;0.98;dictionary-dictionary;1,2,11827808,0.252115,0.0234434,0.0062353
m,h,1000000,PTHash;8;0.98;dictionary-dictionary;1,3,11828192,0.251096,0.0232775,0.00626199
m,h,1000000,PTHash;8;0.98;dictionary-dictionary;1,4,11828128,0.250275,0.0233256,0.00630819
m,m,1000000,AceHash;4;0.8;1;1;1;0,0,82006480,0.0613687,0.0113998,0.00312478
m,m,1000000,AceHash;4;0.8;1;1;1;0,1,82006480,0.0602653,0.0113761,0.00306383
m,m,1000000,AceHash;4;0.8;1;1;1;0,2,82006480,0.0603327,0.0113694,0.00298644
m,m,1000000,AceHash;4;0.8;1;1;1;0,3,82006480,0.0601842,0.0113577,0.00301901
m,m,1000000,AceHash;4;0.8;1;1;1;0,4,82006480,0.0602637,0.0113538,0.00301614
m,m,1000000,AceHash;2.5;1;1;1;1;0,0,67474288,0.0662882,0.0112276,0.00304746
m,m,1000000,AceHash;2.5;1;1;1;1;0,1,67474288,0.0662661,0.0112451,0.00303862
m,m,1000000,AceHash;2.5;1;1;1;1;0,2,67474288,0.066867,0.0112428,0.00303585
m,m,1000000,AceHash;2.5;1;1;1;1;0,3,67474288,0.0661262,0.0112472,0.00304484
m,m,1000000,AceHash;2.5;1;1;1;1;0,4,67474288,0.0663269,0.0112597,0.00305978
m,m,1000000,std::unordered_map,0,0,0.0748781,0.0312586,0.00565968
m,m,1000000,std::unordered_map,1,0,0.0767804,0.0318282,0.00595974
m,m,1000000,std::unordered_map,2,0,0.0762865,0.0312586,0.00571
m,m,1000000,std::unordered_map,3,0,0.0771325,0.0318025,0.00589863
m,m,1000000,std::unordered_map,4,0,0.0749622,0.0311828,0.00572826
m,m,1000000,absl::flat_hash_map,0,0,0.063485,0.024728,0.00453778
m,m,1000000,absl::flat_hash_map,1,0,0.0631451,0.0246292,0.00446014
m,m,1000000,absl::flat_hash_map,2,0,0.0631686,0.0246631,0.00449307
m,m,1000000,absl::flat_hash_map,3,0,0.0632142,0.024645,0.00448846
m,m,1000000,absl::flat_hash_map,4,0,0.0633209,0.024673,0.00452725
m,m,1000000,VectorMap;0.6,0,213333376,0.117589,0.0331717,0.00511944
m,m,1000000,VectorMap;0.6,1,213333376,0.109665,0.0331906,0.00510802
m,m,1000000,VectorMap;0.6,2,213333376,0.115468,0.0333381,0.00508409
m,m,1000000,VectorMap;0.6,3,213333376,0.109701,0.0337057,0.0050925
m,m,1000000,VectorMap;0.6,4,213333376,0.110146,0.0330531,0.00511827
m,m,1000000,VectorMap;0.7,0,182857216,0.105139,0.0368559,0.00556749
m,m,1000000,VectorMap;0.7,1,182857216,0.104845,0.0371293,0.0056138
m,m,1000000,VectorMap;0.7,2,182857216,0.103689,0.0367958,0.00559945
m,m,1000000,VectorMap;0.7,3,182857216,0.104024,0.0368104,0.00571052
m,m,1000000,VectorMap;0.7,4,182857216,0.103664,0.0368617,0.0057177
m,m,1000000,VectorMap;0.8,0,160000000,0.10591,0.0398693,0.00616955
m,m,1000000,VectorMap;0.8,1,160000000,0.0979607,0.0396408,0.00615656
m,m,1000000,VectorMap;0.8,2,160000000,0.102164,0.0398725,0.00615653
m,m,1000000,VectorMap;0.8,3,160000000,0.0982345,0.0396172,0.00618941
m,m,1000000,VectorMap;0.8,4,160000000,0.100569,0.0407171,0.0061203
m,m,1000000,BBHash;2;0,0,67713664,0.240821,0.0592596,0.0130356
m,m,1000000,BBHash;2;0,1,67713664,0.235709,0.0581142,0.0124969
m,m,1000000,BBHash;2;0,2,67713664,0.230127,0.05794,0.0130735
m,m,1000000,BBHash;2;0,3,67713664,0.236589,0.0579262,0.0127031
m,m,1000000,BBHash;2;0,4,67713664,0.234427,0.0579974,0.0128662
m,m,1000000,BBHash;5;0,0,70874816,0.174164,0.0548475,0.0115254
m,m,1000000,BBHash;5;0,1,70874816,0.175863,0.055358,0.0117046
m,m,1000000,BBHash;5;0,2,70874816,0.177212,0.0548158,0.0113957
m,m,1000000,BBHash;5;0,3,70874816,0.175401,0.0556059,0.0116652
m,m,1000000,BBHash;5;0,4,70874816,0.177197,0.0552602,0.0114703
m,m,1000000,PTHash;5;0.8;dictionary-dictionary;0,0,82189248,0.250925,0.0247888,0.00675842
m,m,1000000,PTHash;5;0.8;dictionary-dictionary;0,1,82013632,0.251054,0.0246244,0.00664528
m,m,1000000,PTHash;5;0.8;dictionary-dictionary;0,2,82013440,0.252937,0.0246119,0.00675403
m,m,1000000,PTHash;5;0.8;dictionary-dictionary;0,3,82013440,0.251638,0.0246955,0.00700929
m,m,1000000,PTHash;5;0.8;dictionary-dictionary;0,4,82013824,0.267797,0.0245185,0.00630567
m,m,1000000,PTHash;8;0.98;dictionary-dictionary;1,0,68971104,0.253817,0.0250771,0.00682601
m,m,1000000,PTHash;8;0.98;dictionary-dictionary;1,1,68971040,0.255303,0.0251209,0.0068921
m,m,1000000,PTHash;8;0.98;dictionary-dictionary;1,2,68970912,0.254165,0.0251653,0.00688654
m,m,1000000,PTHash;8;0.98;dictionary-dictionary;1,3,68970848,0.251671,0.0251083,0.00695173
m,m,1000000,PTHash;8;0.98;dictionary-dictionary;1,4,68970976,0.252497,0.0251001,0.00689591
m,h,2000000,AceHash;4;0.8;1;1;1;0,0,24018040,0.123123,0.0177424,0.00445373
m,h,2000000,AceHash;4;0.8;1;1;1;0,1,24018040,0.12262,0.0176224,0.00454208
m,h,2000000,AceHash;4;0.8;1;1;1;0,2,24018040,0.122741,0.0177322,0.00449102
m,h,2000000,AceHash;4;0.8;1;1;1;0,3,24018040,0.122672,0.0177397,0.00451162
m,h,2000000,AceHash;4;0.8;1;1;1;0,4,24018040,0.122766,0.0177363,0.00453911
m,h,2000000,AceHash;2.5;1;1;1;1;0,0,22949648,0.136111,0.0198093,0.00479079
m,h,2000000,AceHash;2.5;1;1;1;1;0,1,22949648,0.135892,0.0197522,0.00462748
m,h,2000000,AceHash;2.5;1;1;1;1;0,2,22949648,0.136324,0.0197696,0.00462457
m,h,2000000,AceHash;2.5;1;1;1;1;0,3,22949648,0.136108,0.0197836,0.00464649
m,h,2000000,AceHash;2.5;1;1;1;1;0,4,22949648,0.136011,0.0197306,0.0046737
m,h,2000000,std::unordered_map,0,0,0.189702,0.081288,0.012764
m,h,2000000,std::unordered_map,1,0,0.185407,0.0812509,0.012724
m,h,2000000,std::unordered_map,2,0,0.187155,0.081497,0.0127397
m,h,2000000,std::unordered_map,3,0,0.185542,0.0809335,0.0127425
m,h,2000000,std::unordered_map,4,0,0.186937,0.0811659,0.0124957
m,h,2000000,absl::flat_hash_map,0,0,0.17025,0.0587069,0.0101682
m,h,2000000,absl::flat_hash_map,1,0,0.170727,0.0592231,0.0102007
m,h,2000000,absl::flat_hash_map,2,0,0.170033,0.0589339,0.0101483
m,h,2000000,absl::flat_hash_map,3,0,0.169928,0.0591924,0.0100594
m,h,2000000,absl::flat_hash_map,4,0,0.170226,0.0589555,0.0101518
m,h,2000000,VectorMap;0.6,0,426666752,0.263295,0.0788874,0.0111773
m,h,2000000,VectorMap;0.6,1,426666752,0.257796,0.0789283,0.0111476
m,h,2000000,VectorMap;0.6,2,426666752,0.258226,0.0786154,0.0111824
m,h,2000000,VectorMap;0.6,3,426666752,0.258039,0.078857,0.0109659
m,h,2000000,VectorMap;0.6,4,426666752,0.2583,0.0789744,0.011266
m,h,2000000,VectorMap;0.7,0,365714304,0.251584,0.0894282,0.012272
m,h,2000000,VectorMap;0.7,1,365714304,0.251212,0.0890376,0.0116202
m,h,2000000,VectorMap;0.7,2,365714304,0.251648,0.0891432,0.011734
m,h,2000000,VectorMap;0.7,3,365714304,0.251489,0.089367,0.012061
m,h,2000000,VectorMap;0.7,4,365714304,0.251461,0.0893427,0.0123503
m,h,2000000,VectorMap;0.8,0,320000000,0.24634,0.100148,0.0130642
m,h,2000000,VectorMap;0.8,1,320000000,0.244852,0.0996267,0.0134197
m,h,2000000,VectorMap;0.8,2,320000000,0.244519,0.099922,0.0133737
m,h,2000000,VectorMap;0.8,3,320000000,0.245222,0.100042,0.0132773
m,h,2000000,VectorMap;0.8,4,320000000,0.244783,0.100025,0.0131242
m,h,2000000,BBHash;2;0,0,23423296,0.393255,0.124012,0.0223952
m,h,2000000,BBHash;2;0,1,23423296,0.395152,0.123426,0.0230217
m,h,2000000,BBHash;2;0,2,23423296,0.3933,0.123983,0.0229662
m,h,2000000,BBHash;2;0,3,23423296,0.39722,0.125278,0.0227047
m,h,2000000,BBHash;2;0,4,23423296,0.398126,0.123832,0.0223248
m,h,2000000,BBHash;5;0,0,29745024,0.299537,0.113783,0.0208058
m,h,2000000,BBHash;5;0,1,29745024,0.30262,0.113942,0.0207903
m,h,2000000,BBHash;5;0,2,29745024,0.298097,0.113979,0.0204185
m,h,2000000,BBHash;5;0,3,29745024,0.301237,0.114158,0.0202819
m,h,2000000,BBHash;5;0,4,29745024,0.302844,0.113941,0.0209154
m,h,2000000,PTHash;5;0.8;dictionary-dictionary;0,0,24164032,0.526441,0.0452187,0.0115583
m,h,2000000,PTHash;5;0.8;dictionary-dictionary;0,1,24164096,0.524824,0.0452156,0.0118314
m,h,2000000,PTHash;5;0.8;dictionary-dictionary;0,2,24164096,0.527243,0.0451429,0.0117485
m,h,2000000,PTHash;5;0.8;dictionary-dictionary;0,3,24164032,0.525278,0.0453369,0.0117791
m,h,2000000,PTHash;5;0.8;dictionary-dictionary;0,4,24164160,0.526632,0.0452996,0.0117519
m,h,2000000,PTHash;8;0.98;dictionary-dictionary;1,0,23315904,0.530628,0.0511255,0.0126735
m,h,2000000,PTHash;8;0.98;dictionary-dictionary;1,1,23315776,0.531578,0.0511263,0.0125819
m,h,2000000,PTHash;8;0.98;dictionary-dictionary;1,2,23315968,0.529636,0.0511037,0.0124489
m,h,2000000,PTHash;8;0.98;dictionary-dictionary;1,3,23315904,0.530535,0.0512999,0.0123197
m,h,2000000,PTHash;8;0.98;dictionary-dictionary;1,4,23315776,0.529663,0.0512131,0.0122416
m,m,2000000,AceHash;4;0.8;1;1;1;0,0,164020056,0.138881,0.0315375,0.00678662
m,m,2000000,AceHash;4;0.8;1;1;1;0,1,164020056,0.13835,0.0316099,0.00664581
m,m,2000000,AceHash;4;0.8;1;1;1;0,2,164020056,0.138426,0.0315367,0.00699801
m,m,2000000,AceHash;4;0.8;1;1;1;0,3,164020056,0.146795,0.0314503,0.00667804
m,m,2000000,AceHash;4;0.8;1;1;1;0,4,164020056,0.138565,0.0315149,0.00665131
m,m,2000000,AceHash;2.5;1;1;1;1;0,0,134944432,0.148944,0.0315937,0.00677186
m,m,2000000,AceHash;2.5;1;1;1;1;0,1,134944432,0.149107,0.0315834,0.00674559
m,m,2000000,AceHash;2.5;1;1;1;1;0,2,134944432,0.149198,0.0315712,0.0067709
m,m,2000000,AceHash;2.5;1;1;1;1;0,3,134944432,0.149183,0.0315611,0.00675618
m,m,2000000,AceHash;2.5;1;1;1;1;0,4,134944432,0.149313,0.0316256,0.00671698
m,m,2000000,std::unordered_map,0,0,0.205356,0.0821812,0.0127619
m,m,2000000,std::unordered_map,1,0,0.18988,0.0802274,0.0122775
m,m,2000000,std::unordered_map,2,0,0.190765,0.0799522,0.0122818
m,m,2000000,std::unordered_map,3,0,0.186369,0.0810284,0.012623
m,m,2000000,std::unordered_map,4,0,0.189641,0.0800699,0.0119566
m,m,2000000,absl::flat_hash_map,0,0,0.171151,0.0543164,0.00974879
m,m,2000000,absl::flat_hash_map,1,0,0.171437,0.0540618,0.0096525
m,m,2000000,absl::flat_hash_map,2,0,0.172281,0.0543726,0.009743
m,m,2000000,absl::flat_hash_map,3,0,0.17132,0.0543883,0.00972212
m,m,2000000,absl::flat_hash_map,4,0,0.172264,0.0542294,0.00973941
m,m,2000000,VectorMap;0.6,0,426666752,0.286694,0.0784896,0.0109203
m,m,2000000,VectorMap;0.6,1,426666752,0.286444,0.078619,0.0108924
m,m,2000000,VectorMap;0.6,2,426666752,0.28684,0.0783892,0.0108816
m,m,2000000,VectorMap;0.6,3,426666752,0.286685,0.0777531,0.0109434
m,m,2000000,VectorMap;0.6,4,426666752,0.287205,0.0789116,0.0109774
m,m,2000000,VectorMap;0.7,0,365714304,0.278418,0.0916092,0.0123568
m,m,2000000,VectorMap;0.7,1,365714304,0.276792,0.0917451,0.0120611
m,m,2000000,VectorMap;0.7,2,365714304,0.276909,0.0912443,0.0122271
m,m,2000000,VectorMap;0.7,3,365714304,0.276611,0.0916425,0.0120175
m,m,2000000,VectorMap;0.7,4,365714304,0.276957,0.0917253,0.0123116
m,m,2000000,VectorMap;0.8,0,320000000,0.253538,0.103318,0.0137087
m,m,2000000,VectorMap;0.8,1,320000000,0.250447,0.1033,0.0133215
m,m,2000000,VectorMap;0.8,2,320000000,0.25048,0.103565,0.0127159
m,m,2000000,VectorMap;0.8,3,320000000,0.250509,0.103407,0.0131262
m,m,2000000,VectorMap;0.8,4,320000000,0.250871,0.103719,0.0137337
m,m,2000000,BBHash;2;0,0,135423296,0.409391,0.139604,0.0227247
m,m,2000000,BBHash;2;0,1,135423296,0.388636,0.139669,0.0242588
m,m,2000000,BBHash;2;0,2,135423296,0.406222,0.139624,0.0232782
m,m,2000000,BBHash;2;0,3,135423296,0.380959,0.141206,0.0233976
m,m,2000000,BBHash;2;0,4,135423296,0.369631,0.139499,0.0238249
m,m,2000000,BBHash;5;0,0,141745024,0.306691,0.129122,0.0219727
m,m,2000000,BBHash;5;0,1,141745024,0.307447,0.129271,0.0218068
m,m,2000000,BBHash;5;0,2,141745024,0.285256,0.130569,0.0216067
m,m,2000000,BBHash;5;0,3,141745024,0.306576,0.128994,0.0222325
m,m,2000000,BBHash;5;0,4,141745024,0.312143,0.12944,0.0210802
m,m,2000000,PTHash;5;0.8;dictionary-dictionary;0,0,164164352,0.539008,0.0603579,0.0138726
m,m,2000000,PTHash;5;0.8;dictionary-dictionary;0,1,164164224,0.541983,0.0604456,0.0140105
m,m,2000000,PTHash;5;0.8;dictionary-dictionary;0,2,164164480,0.544716,0.061639,0.0139033
m,m,2000000,PTHash;5;0.8;dictionary-dictionary;0,3,164164032,0.537969,0.060322,0.0134599
m,m,2000000,PTHash;5;0.8;dictionary-dictionary;0,4,164164416,0.541751,0.0603395,0.0132967
m,m,2000000,PTHash;8;0.98;dictionary-dictionary;1,0,137601792,0.541519,0.0616474,0.0135708
m,m,2000000,PTHash;8;0.98;dictionary-dictionary;1,1,137601536,0.543026,0.0616769,0.0132251
m,m,2000000,PTHash;8;0.98;dictionary-dictionary;1,2,137601664,0.537743,0.0617796,0.0142981
m,m,2000000,PTHash;8;0.98;dictionary-dictionary;1,3,137601536,0.542951,0.0617041,0.0137931
m,m,2000000,PTHash;8;0.98;dictionary-dictionary;1,4,137601536,0.541957,0.0618332,0.0134717
m,h,5000000,AceHash;4;0.8;1;1;1;0,0,60040288,0.376573,0.0539492,0.0128238
m,h,5000000,AceHash;4;0.8;1;1;1;0,1,60040288,0.389831,0.0539242,0.0131356
m,h,5000000,AceHash;4;0.8;1;1;1;0,2,60040288,0.38914,0.054091,0.0134389
m,h,5000000,AceHash;4;0.8;1;1;1;0,3,60040288,0.389331,0.0540645,0.0131373
m,h,5000000,AceHash;4;0.8;1;1;1;0,4,60040288,0.390151,0.0539797,0.0128623
m,h,5000000,AceHash;2.5;1;1;1;1;0,0,57374200,0.42919,0.0558555,0.013916
m,h,5000000,AceHash;2.5;1;1;1;1;0,1,57374200,0.427692,0.0558536,0.0130783
m,h,5000000,AceHash;2.5;1;1;1;1;0,2,57374200,0.42851,0.0558838,0.013259
m,h,5000000,AceHash;2.5;1;1;1;1;0,3,57374200,0.427626,0.0561186,0.013735
m,h,5000000,AceHash;2.5;1;1;1;1;0,4,57374200,0.428739,0.0559121,0.0140267
m,h,5000000,std::unordered_map,0,0,0.639046,0.233181,0.0287057
m,h,5000000,std::unordered_map,1,0,0.53841,0.232839,0.0282632
m,h,5000000,std::unordered_map,2,0,0.53752,0.232763,0.0269648
m,h,5000000,std::unordered_map,3,0,0.537844,0.233644,0.0280989
m,h,5000000,std::unordered_map,4,0,0.537791,0.233191,0.0282004
m,h,5000000,absl::flat_hash_map,0,0,0.574036,0.177037,0.0235903
m,h,5000000,absl::flat_hash_map,1,0,0.571826,0.17763,0.0242882
m,h,5000000,absl::flat_hash_map,2,0,0.573539,0.176905,0.0229959
m,h,5000000,absl::flat_hash_map,3,0,0.573962,0.17646,0.0247065
m,h,5000000,absl::flat_hash_map,4,0,0.573643,0.17708,0.0227869
m,h,5000000,VectorMap;0.6,0,1066666752,0.800254,0.218084,0.0261444
m,h,5000000,VectorMap;0.6,1,1066666752,0.801654,0.217951,0.0256143
m,h,5000000,VectorMap;0.6,2,1066666752,0.801115,0.218121,0.0251955
m,h,5000000,VectorMap;0.6,3,1066666752,0.800721,0.218083,0.0249924
m,h,5000000,VectorMap;0.6,4,1066666752,0.800765,0.218276,0.0259295
m,h,5000000,VectorMap;0.7,0,914285824,0.780825,0.252009,0.0280936
m,h,5000000,VectorMap;0.7,1,914285824,0.781251,0.252572,0.0287733
m,h,5000000,VectorMap;0.7,2,914285824,0.780458,0.252649,0.0274729
m,h,5000000,VectorMap;0.7,3,914285824,0.781577,0.251762,0.0292481
m,h,5000000,VectorMap;0.7,4,914285824,0.78101,0.252372,0.0275861
m,h,5000000,VectorMap;0.8,0,800000000,0.71986,0.28881,0.0325349
m,h,5000000,VectorMap;0.8,1,800000000,0.715395,0.289781,0.0313972
m,h,5000000,VectorMap;0.8,2,800000000,0.715681,0.289137,0.0306648
m,h,5000000,VectorMap;0.8,3,800000000,0.711786,0.289061,0.0291731
m,h,5000000,VectorMap;0.8,4,800000000,0.712557,0.28909,0.0324528
m,h,5000000,BBHash;2;0,0,58552064,0.888225,0.371486,0.0424066
m,h,5000000,BBHash;2;0,1,58552064,0.882226,0.368703,0.0439776
m,h,5000000,BBHash;2;0,2,58552064,0.885234,0.368888,0.0428926
m,h,5000000,BBHash;2;0,3,58552064,0.882672,0.368881,0.0433877
m,h,5000000,BBHash;2;0,4,58552064,0.89882,0.369173,0.0429734
m,h,5000000,BBHash;5;0,0,74356160,0.675762,0.331516,0.0402799
m,h,5000000,BBHash;5;0,1,74356160,0.663573,0.331211,0.0396876
m,h,5000000,BBHash;5;0,2,74356160,0.678727,0.332575,0.0405839
m,h,5000000,BBHash;5;0,3,74356160,0.672669,0.331154,0.0354423
m,h,5000000,BBHash;5;0,4,74356160,0.661562,0.332974,0.0411637
m,h,5000000,PTHash;5;0.8;dictionary-dictionary;0,0,60120384,1.4907,0.131353,0.0258082
m,h,5000000,PTHash;5;0.8;dictionary-dictionary;0,1,60120064,1.47286,0.129839,0.026568
m,h,5000000,PTHash;5;0.8;dictionary-dictionary;0,2,60120448,1.46209,0.130072,0.0262611
m,h,5000000,PTHash;5;0.8;dictionary-dictionary;0,3,60120832,1.48502,0.130131,0.0276361
m,h,5000000,PTHash;5;0.8;dictionary-dictionary;0,4,60120512,1.47038,0.129859,0.0275845
m,h,5000000,PTHash;8;0.98;dictionary-dictionary;1,0,58549072,1.48272,0.143616,0.0260815
m,h,5000000,PTHash;8;0.98;dictionary-dictionary;1,1,58549648,1.47513,0.144388,0.0276355
m,h,5000000,PTHash;8;0.98;dictionary-dictionary;1,2,58549776,1.4806,0.143608,0.0258317
m,h,5000000,PTHash;8;0.98;dictionary-dictionary;1,3,58549264,1.48166,0.143161,0.0283118
m,h,5000000,PTHash;8;0.98;dictionary-dictionary;1,4,58549072,1.47935,0.143422,0.0277074
m,m,5000000,AceHash;4;0.8;1;1;1;0,0,410037768,0.427268,0.0981334,0.0182122
m,m,5000000,AceHash;4;0.8;1;1;1;0,1,410037768,0.47781,0.0983261,0.0178563
m,m,5000000,AceHash;4;0.8;1;1;1;0,2,410037768,0.478334,0.0980787,0.0174176
m,m,5000000,AceHash;4;0.8;1;1;1;0,3,410037768,0.477911,0.0979715,0.0173732
m,m,5000000,AceHash;4;0.8;1;1;1;0,4,410037768,0.479366,0.0981331,0.0171412
m,m,5000000,AceHash;2.5;1;1;1;1;0,0,337373696,0.517683,0.101373,0.0172271
m,m,5000000,AceHash;2.5;1;1;1;1;0,1,337373696,0.517485,0.101235,0.0176022
m,m,5000000,AceHash;2.5;1;1;1;1;0,2,337373696,0.517068,0.10146,0.0187955
m,m,5000000,AceHash;2.5;1;1;1;1;0,3,337373696,0.517336,0.101298,0.0176289
m,m,5000000,AceHash;2.5;1;1;1;1;0,4,337373696,0.516776,0.101315,0.017254
m,m,5000000,std::unordered_map,0,0,0.634577,0.230412,0.0286785
m,m,5000000,std::unordered_map,1,0,0.582123,0.230513,0.0277392
m,m,5000000,std::unordered_map,2,0,0.554519,0.229069,0.0252418
m,m,5000000,std::unordered_map,3,0,0.554934,0.230002,0.0249894
m,m,5000000,std::unordered_map,4,0,0.554677,0.22891,0.028293
m,m,5000000,absl::flat_hash_map,0,0,0.577933,0.16499,0.0240131
m,m,5000000,absl::flat_hash_map,1,0,0.57715,0.165189,0.0227761
m,m,5000000,absl::flat_hash_map,2,0,0.578245,0.167514,0.0235547
m,m,5000000,absl::flat_hash_map,3,0,0.578158,0.164958,0.0232147
m,m,5000000,absl::flat_hash_map,4,0,0.580102,0.165793,0.0234844
m,m,5000000,VectorMap;0.6,0,1066666752,0.738823,0.217734,0.0256877
m,m,5000000,VectorMap;0.6,1,1066666752,0.738567,0.218026,0.0230155
m,m,5000000,VectorMap;0.6,2,1066666752,0.738583,0.217081,0.024486
m,m,5000000,VectorMap;0.6,3,1066666752,0.738995,0.218037,0.0264901
m,m,5000000,VectorMap;0.6,4,1066666752,0.741387,0.216914,0.0251692
m,m,5000000,VectorMap;0.7,0,914285824,0.730476,0.260429,0.0277047
m,m,5000000,VectorMap;0.7,1,914285824,0.728159,0.26125,0.0288071
m,m,5000000,VectorMap;0.7,2,914285824,0.729417,0.260329,0.0290322
m,m,5000000,VectorMap;0.7,3,914285824,0.728482,0.261268,0.0281947
m,m,5000000,VectorMap;0.7,4,914285824,0.727688,0.260417,0.0294807
m,m,5000000,VectorMap;0.8,0,800000000,0.721836,0.300052,0.0319538
m,m,5000000,VectorMap;0.8,1,800000000,0.721171,0.301101,0.0324865
m,m,5000000,VectorMap;0.8,2,800000000,0.724422,0.300351,0.0312384
m,m,5000000,VectorMap;0.8,3,800000000,0.723406,0.302232,0.0315571
m,m,5000000,VectorMap;0.8,4,800000000,0.722722,0.301796,0.0327282
m,m,5000000,BBHash;2;0,0,338552064,0.89355,0.422531,0.0470409
m,m,5000000,BBHash;2;0,1,338552064,0.892785,0.422893,0.0468904
m,m,5000000,BBHash;2;0,2,338552064,0.892153,0.422312,0.0476665
m,m,5000000,BBHash;2;0,3,338552064,0.900644,0.421229,0.0453969
m,m,5000000,BBHash;2;0,4,338552064,0.920878,0.422014,0.0464235
m,m,5000000,BBHash;5;0,0,354356160,0.730779,0.379508,0.0428974
m,m,5000000,BBHash;5;0,1,354356160,0.726102,0.377533,0.043437
m,m,5000000,BBHash;5;0,2,354356160,0.744628,0.375198,0.0395791
m,m,5000000,BBHash;5;0,3,354356160,0.735412,0.375496,0.0440432
m,m,5000000,BBHash;5;0,4,354356160,0.723642,0.375551,0.0413247
m,m,5000000,PTHash;5;0.8;dictionary-dictionary;0,0,410120512,1.5871,0.177358,0.0271096
m,m,5000000,PTHash;5;0.8;dictionary-dictionary;0,1,410120512,1.58524,0.177379,0.0298328
m,m,5000000,PTHash;5;0.8;dictionary-dictionary;0,2,410120384,1.57879,0.177396,0.0286982
m,m,5000000,PTHash;5;0.8;dictionary-dictionary;0,3,410120512,1.58585,0.177324,0.0300085
m,m,5000000,PTHash;5;0.8;dictionary-dictionary;0,4,410120448,1.57895,0.178712,0.0282602
m,m,5000000,PTHash;8;0.98;dictionary-dictionary;1,0,344263312,1.60419,0.186744,0.0282547
m,m,5000000,PTHash;8;0.98;dictionary-dictionary;1,1,344263824,1.61459,0.186218,0.0288616
m,m,5000000,PTHash;8;0.98;dictionary-dictionary;1,2,344263312,1.60821,0.186046,0.0316339
m,m,5000000,PTHash;8;0.98;dictionary-dictionary;1,3,344263504,1.6108,0.186301,0.0301404
m,m,5000000,PTHash;8;0.98;dictionary-dictionary;1,4,344263504,1.61845,0.186163,0.0308352
m,h,10000000,AceHash;4;0.8;1;1;1;0,0,120083816,0.894439,0.152664,0.0264015
m,h,10000000,AceHash;4;0.8;1;1;1;0,1,120083816,0.894736,0.152819,0.0239311
m,h,10000000,AceHash;4;0.8;1;1;1;0,2,120083816,0.894468,0.152963,0.0257232
m,h,10000000,AceHash;4;0.8;1;1;1;0,3,120083816,0.894358,0.152788,0.0245299
m,h,10000000,AceHash;4;0.8;1;1;1;0,4,120083816,0.89418,0.153289,0.0254879
m,h,10000000,AceHash;2.5;1;1;1;1;0,0,114757608,1.08713,0.170537,0.0266505
m,h,10000000,AceHash;2.5;1;1;1;1;0,1,114757608,1.08729,0.170331,0.0266711
m,h,10000000,AceHash;2.5;1;1;1;1;0,2,114757608,1.0876,0.170192,0.0272197
m,h,10000000,AceHash;2.5;1;1;1;1;0,3,114757608,1.08731,0.17073,0.0275717
m,h,10000000,AceHash;2.5;1;1;1;1;0,4,114757608,1.08796,0.170262,0.0291393
m,h,10000000,std::unordered_map,0,0,1.24807,0.483591,0.0493755
m,h,10000000,std::unordered_map,1,0,1.16122,0.478821,0.0488075
m,h,10000000,std::unordered_map,2,0,1.16052,0.477911,0.0467096
m,h,10000000,std::unordered_map,3,0,1.16134,0.478675,0.047992
m,h,10000000,std::unordered_map,4,0,1.16678,0.479945,0.0490884
m,h,10000000,absl::flat_hash_map,0,0,1.27048,0.428766,0.0486582
m,h,10000000,absl::flat_hash_map,1,0,1.26162,0.430666,0.0482
m,h,10000000,absl::flat_hash_map,2,0,1.26866,0.428609,0.0489494
m,h,10000000,absl::flat_hash_map,3,0,1.26121,0.431015,0.0475884
m,h,10000000,absl::flat_hash_map,4,0,1.267,0.428485,0.0488041
m,h,10000000,VectorMap;0.6,0,2133333376,1.58664,0.45852,0.0480321
m,h,10000000,VectorMap;0.6,1,2133333376,1.58244,0.456202,0.0478957
m,h,10000000,VectorMap;0.6,2,2133333376,1.5815,0.457345,0.048117
m,h,10000000,VectorMap;0.6,3,2133333376,1.58303,0.457034,0.0489923
m,h,10000000,VectorMap;0.6,4,2133333376,1.583,0.456637,0.0485703
m,h,10000000,VectorMap;0.7,0,1828571520,1.55764,0.531181,0.0556739
m,h,10000000,VectorMap;0.7,1,1828571520,1.55778,0.531209,0.053927
m,h,10000000,VectorMap;0.7,2,1828571520,1.55773,0.530996,0.0543051
m,h,10000000,VectorMap;0.7,3,1828571520,1.5581,0.53193,0.0536573
m,h,10000000,VectorMap;0.7,4,1828571520,1.55743,0.530393,0.0535456
m,h,10000000,VectorMap;0.8,0,1600000000,1.54332,0.612695,0.0601355
m,h,10000000,VectorMap;0.8,1,1600000000,1.54455,0.611875,0.060664
m,h,10000000,VectorMap;0.8,2,1600000000,1.5442,0.612009,0.0610139
m,h,10000000,VectorMap;0.8,3,1600000000,1.54315,0.612889,0.0609581
m,h,10000000,VectorMap;0.8,4,1600000000,1.54237,0.613181,0.0600543
m,h,10000000,BBHash;2;0,0,117100160,1.8663,0.856884,0.0792313
m,h,10000000,BBHash;2;0,1,117100160,1.87256,0.856375,0.0828403
m,h,10000000,BBHash;2;0,2,117100160,1.87264,0.858194,0.0794631
m,h,10000000,BBHash;2;0,3,117100160,1.86635,0.856372,0.079057
m,h,10000000,BBHash;2;0,4,117100160,1.90037,0.856554,0.0792809
m,h,10000000,BBHash;5;0,0,148708096,1.54549,0.842291,0.0751599
m,h,10000000,BBHash;5;0,1,148708096,1.53495,0.844205,0.0735401
m,h,10000000,BBHash;5;0,2,148708096,1.54891,0.844258,0.0761815
m,h,10000000,BBHash;5;0,3,148708096,1.56721,0.84427,0.0760872
m,h,10000000,BBHash;5;0,4,148708096,1.57525,0.841514,0.0775376
m,h,10000000,PTHash;5;0.8;dictionary-dictionary;0,0,119363520,3.45794,0.31723,0.0448039
m,h,10000000,PTHash;5;0.8;dictionary-dictionary;0,1,119363712,3.45383,0.317191,0.0456625
m,h,10000000,PTHash;5;0.8;dictionary-dictionary;0,2,119363520,3.45101,0.317315,0.0447642
m,h,10000000,PTHash;5;0.8;dictionary-dictionary;0,3,119363776,3.45323,0.317141,0.0462794
m,h,10000000,PTHash;5;0.8;dictionary-dictionary;0,4,119363520,3.46306,0.31752,0.0438096
m,h,10000000,PTHash;8;0.98;dictionary-dictionary;1,0,116668904,3.45268,0.355885,0.050197
m,h,10000000,PTHash;8;0.98;dictionary-dictionary;1,1,115636648,3.48171,0.353543,0.0473315
m,h,10000000,PTHash;8;0.98;dictionary-dictionary;1,2,116668904,3.48484,0.355988,0.0475695
m,h,10000000,PTHash;8;0.98;dictionary-dictionary;1,3,116668776,3.46231,0.355752,0.0503679
m,h,10000000,PTHash;8;0.98;dictionary-dictionary;1,4,116669096,3.49302,0.355964,0.0491368
m,m,10000000,AceHash;4;0.8;1;1;1;0,0,820081360,1.08873,0.214045,0.0310277
m,m,10000000,AceHash;4;0.8;1;1;1;0,1,820081360,1.08733,0.213959,0.0327772
m,m,10000000,AceHash;4;0.8;1;1;1;0,2,820081360,1.08621,0.213718,0.0315146
m,m,10000000,AceHash;4;0.8;1;1;1;0,3,820081360,1.08616,0.21373,0.0300887
m,m,10000000,AceHash;4;0.8;1;1;1;0,4,820081360,1.08726,0.213811,0.0334711
m,m,10000000,AceHash;2.5;1;1;1;1;0,0,674739096,1.26139,0.224542,0.0333825
m,m,10000000,AceHash;2.5;1;1;1;1;0,1,674739096,1.26193,0.226713,0.034035
m,m,10000000,AceHash;2.5;1;1;1;1;0,2,674739096,1.26143,0.227693,0.0318635
m,m,10000000,AceHash;2.5;1;1;1;1;0,3,674739096,1.25968,0.225128,0.0320375
m,m,10000000,AceHash;2.5;1;1;1;1;0,4,674739096,1.25967,0.225038,0.0323453
m,m,10000000,std::unordered_map,0,0,1.34573,0.484977,0.0491541
m,m,10000000,std::unordered_map,1,0,1.27376,0.484538,0.0502809
m,m,10000000,std::unordered_map,2,0,1.18333,0.485802,0.0513977
m,m,10000000,std::unordered_map,3,0,1.19044,0.482706,0.0507191
m,m,10000000,std::unordered_map,4,0,1.18314,0.481549,0.0485206
m,m,10000000,absl::flat_hash_map,0,0,1.27633,0.399569,0.0467352
m,m,10000000,absl::flat_hash_map,1,0,1.28001,0.398279,0.0464459
m,m,10000000,absl::flat_hash_map,2,0,1.27929,0.399651,0.0476758
m,m,10000000,absl::flat_hash_map,3,0,1.27229,0.399918,0.0459095
m,m,10000000,absl::flat_hash_map,4,0,1.28062,0.398045,0.0464309
m,m,10000000,VectorMap;0.6,0,2133333376,1.59782,0.456107,0.0482117
m,m,10000000,VectorMap;0.6,1,2133333376,1.59703,0.456761,0.0489015
m,m,10000000,VectorMap;0.6,2,2133333376,1.5972,0.459601,0.0482573
m,m,10000000,VectorMap;0.6,3,2133333376,1.59676,0.457927,0.0490623
m,m,10000000,VectorMap;0.6,4,2133333376,1.59905,0.457412,0.0497258
m,m,10000000,VectorMap;0.7,0,1828571520,1.57432,0.546793,0.0551429
m,m,10000000,VectorMap;0.7,1,1828571520,1.57315,0.549833,0.0554595
m,m,10000000,VectorMap;0.7,2,1828571520,1.57718,0.547365,0.0553667
m,m,10000000,VectorMap;0.7,3,1828571520,1.57375,0.545793,0.0560026
m,m,10000000,VectorMap;0.7,4,1828571520,1.57298,0.545874,0.0548336
m,m,10000000,VectorMap;0.8,0,1600000000,1.55547,0.638666,0.062347
m,m,10000000,VectorMap;0.8,1,1600000000,1.55856,0.640604,0.0632809
m,m,10000000,VectorMap;0.8,2,1600000000,1.55858,0.642001,0.0621723
m,m,10000000,VectorMap;0.8,3,1600000000,1.55622,0.638155,0.0638102
m,m,10000000,VectorMap;0.8,4,1600000000,1.55564,0.639116,0.0626919
m,m,10000000,BBHash;2;0,0,677100160,1.88534,0.935712,0.0836692
m,m,10000000,BBHash;2;0,1,677100160,1.88392,0.934775,0.0832101
m,m,10000000,BBHash;2;0,2,677100160,1.92253,0.936591,0.0854873
m,m,10000000,BBHash;2;0,3,677100160,1.9243,0.936531,0.0853197
m,m,10000000,BBHash;2;0,4,677100160,1.92437,0.935785,0.0854378
m,m,10000000,BBHash;5;0,0,708708096,1.59772,0.867521,0.0735083
m,m,10000000,BBHash;5;0,1,708708096,1.60287,0.86749,0.0747293
m,m,10000000,BBHash;5;0,2,708708096,1.59733,0.866483,0.0758258
m,m,10000000,BBHash;5;0,3,708708096,1.60008,0.868658,0.0740703
m,m,10000000,BBHash;5;0,4,708708096,1.60284,0.867181,0.0735781
m,m,10000000,PTHash;5;0.8;dictionary-dictionary;0,0,819363584,3.68678,0.389021,0.0509524
m,m,10000000,PTHash;5;0.8;dictionary-dictionary;0,1,819363200,3.67212,0.388652,0.0510364
m,m,10000000,PTHash;5;0.8;dictionary-dictionary;0,2,819363648,3.68407,0.388294,0.0499242
m,m,10000000,PTHash;5;0.8;dictionary-dictionary;0,3,819363584,3.66927,0.388529,0.0513684
m,m,10000000,PTHash;5;0.8;dictionary-dictionary;0,4,819363712,3.69528,0.38838,0.0503304
m,m,10000000,PTHash;8;0.98;dictionary-dictionary;1,0,687065120,3.67878,0.41097,0.0528468
m,m,10000000,PTHash;8;0.98;dictionary-dictionary;1,1,688097440,3.69837,0.411067,0.0520028
m,m,10000000,PTHash;8;0.98;dictionary-dictionary;1,2,688097376,3.69021,0.412465,0.0525137
m,m,10000000,PTHash;8;0.98;dictionary-dictionary;1,3,688097440,3.70735,0.41264,0.0528091
m,m,10000000,PTHash;8;0.98;dictionary-dictionary;1,4,687065184,3.6903,0.411046,0.0521717
m,h,20000000,AceHash;4;0.8;1;1;1;0,0,240166680,2.10472,0.401225,0.0501136
m,h,20000000,AceHash;4;0.8;1;1;1;0,1,240166680,2.1065,0.401709,0.0496014
m,h,20000000,AceHash;4;0.8;1;1;1;0,2,240166680,2.10551,0.401289,0.0498195
m,h,20000000,AceHash;4;0.8;1;1;1;0,3,240166680,2.10477,0.400954,0.0509079
m,h,20000000,AceHash;4;0.8;1;1;1;0,4,240166680,2.10402,0.401447,0.0506004
m,h,20000000,AceHash;2.5;1;1;1;1;0,0,229472192,2.71764,0.459979,0.0554163
m,h,20000000,AceHash;2.5;1;1;1;1;0,1,229472192,2.91865,0.460494,0.0549944
m,h,20000000,AceHash;2.5;1;1;1;1;0,2,229472192,2.91664,0.46,0.0540434
m,h,20000000,AceHash;2.5;1;1;1;1;0,3,229472192,2.9179,0.459968,0.0534828
m,h,20000000,AceHash;2.5;1;1;1;1;0,4,229472192,2.91575,0.460558,0.0543447
m,h,20000000,std::unordered_map,0,0,3.01646,1.02746,0.0954365
m,h,20000000,std::unordered_map,1,0,2.59938,1.01769,0.0947625
m,h,20000000,std::unordered_map,2,0,2.46091,1.00737,0.0937038
m,h,20000000,std::unordered_map,3,0,2.4636,1.00507,0.0934883
m,h,20000000,std::unordered_map,4,0,2.4611,1.00507,0.0926874
m,h,20000000,absl::flat_hash_map,0,0,2.93169,0.935381,0.10148
m,h,20000000,absl::flat_hash_map,1,0,2.93146,0.935292,0.101063
m,h,20000000,absl::flat_hash_map,2,0,2.92706,0.932183,0.100272
m,h,20000000,absl::flat_hash_map,3,0,2.93062,0.934921,0.100062
m,h,20000000,absl::flat_hash_map,4,0,2.93129,0.935463,0.101024
m,h,20000000,VectorMap;0.6,0,4266666752,3.41799,0.94142,0.0925796
m,h,20000000,VectorMap;0.6,1,4266666752,3.41227,0.941901,0.0916206
m,h,20000000,VectorMap;0.6,2,4266666752,3.41546,0.943871,0.0930413
m,h,20000000,VectorMap;0.6,3,4266666752,3.41282,0.943869,0.0942729
m,h,20000000,VectorMap;0.6,4,4266666752,3.41136,0.941217,0.0925442
m,h,20000000,VectorMap;0.7,0,3657142912,3.35769,1.09372,0.10483
m,h,20000000,VectorMap;0.7,1,3657142912,3.35796,1.09637,0.105679
m,h,20000000,VectorMap;0.7,2,3657142912,3.35778,1.09414,0.105003
m,h,20000000,VectorMap;0.7,3,3657142912,3.35831,1.09521,0.103632
m,h,20000000,VectorMap;0.7,4,3657142912,3.35922,1.09613,0.105205
m,h,20000000,VectorMap;0.8,0,3200000000,3.32401,1.27077,0.119592
m,h,20000000,VectorMap;0.8,1,3200000000,3.32222,1.26506,0.119209
m,h,20000000,VectorMap;0.8,2,3200000000,3.32064,1.26729,0.118835
m,h,20000000,VectorMap;0.8,3,3200000000,3.32138,1.26693,0.120952
m,h,20000000,VectorMap;0.8,4,3200000000,3.32156,1.26632,0.118809
m,h,20000000,BBHash;2;0,0,234196480,4.21262,2.05711,0.159531
m,h,20000000,BBHash;2;0,1,234196480,4.22523,2.06402,0.16214
m,h,20000000,BBHash;2;0,2,234196480,4.21668,2.06081,0.15998
m,h,20000000,BBHash;2;0,3,234196480,4.17563,2.05925,0.160572
m,h,20000000,BBHash;2;0,4,234196480,4.20622,2.05743,0.161486
m,h,20000000,BBHash;5;0,0,297412032,4.28655,2.3254,0.172368
m,h,20000000,BBHash;5;0,1,297412032,4.28782,2.32289,0.172495
m,h,20000000,BBHash;5;0,2,297412032,4.31027,2.31763,0.170377
m,h,20000000,BBHash;5;0,3,297412032,4.30689,2.32177,0.170767
m,h,20000000,BBHash;5;0,4,297412032,4.30279,2.31482,0.170107
m,h,20000000,PTHash;5;0.8;dictionary-dictionary;0,0,240007936,8.05043,0.793536,0.0850364
m,h,20000000,PTHash;5;0.8;dictionary-dictionary;0,1,240007808,8.05814,0.794354,0.0847431
m,h,20000000,PTHash;5;0.8;dictionary-dictionary;0,2,240007872,8.08438,0.793111,0.0830862
m,h,20000000,PTHash;5;0.8;dictionary-dictionary;0,3,240007744,8.07274,0.795198,0.0862086
m,h,20000000,PTHash;5;0.8;dictionary-dictionary;0,4,240008320,8.05207,0.794654,0.0827804
m,h,20000000,PTHash;8;0.98;dictionary-dictionary;1,0,230574936,8.28124,0.942631,0.0984811
m,h,20000000,PTHash;8;0.98;dictionary-dictionary;1,1,230574744,8.31085,0.945466,0.0956987
m,h,20000000,PTHash;8;0.98;dictionary-dictionary;1,2,230574872,8.26271,0.941126,0.0961619
m,h,20000000,PTHash;8;0.98;dictionary-dictionary;1,3,230575000,8.29543,0.939975,0.0966611
m,h,20000000,PTHash;8;0.98;dictionary-dictionary;1,4,230574872,8.24228,0.939262,0.0963885
m,m,20000000,AceHash;4;0.8;1;1;1;0,0,1640176984,2.29901,0.502365,0.0607812
m,m,20000000,AceHash;4;0.8;1;1;1;0,1,1640176984,2.30674,0.501207,0.0613745
m,m,20000000,AceHash;4;0.8;1;1;1;0,2,1640176984,2.30137,0.500777,0.0622178
m,m,20000000,AceHash;4;0.8;1;1;1;0,3,1640176984,2.30439,0.500723,0.0618303
m,m,20000000,AceHash;4;0.8;1;1;1;0,4,1640176984,2.30127,0.500074,0.0616148
m,m,20000000,AceHash;2.5;1;1;1;1;0,0,1349501672,2.83669,0.557158,0.0619385
m,m,20000000,AceHash;2.5;1;1;1;1;0,1,1349501672,3.03914,0.557632,0.0636845
m,m,20000000,AceHash;2.5;1;1;1;1;0,2,1349501672,3.03146,0.559623,0.0617614
m,m,20000000,AceHash;2.5;1;1;1;1;0,3,1349501672,3.03819,0.559263,0.0616136
m,m,20000000,AceHash;2.5;1;1;1;1;0,4,1349501672,3.03529,0.557883,0.062256
m,m,20000000,std::unordered_map,0,0,2.85182,1.01378,0.0959247
m,m,20000000,std::unordered_map,1,0,2.66666,1.01627,0.0953328
m,m,20000000,std::unordered_map,2,0,2.4978,1.01293,0.0945313
m,m,20000000,std::unordered_map,3,0,2.50726,1.01628,0.0938204
m,m,20000000,std::unordered_map,4,0,2.49775,1.01674,0.0971478
m,m,20000000,absl::flat_hash_map,0,0,2.9389,0.869704,0.0995092
m,m,20000000,absl::flat_hash_map,1,0,2.93613,0.87052,0.0996843
m,m,20000000,absl::flat_hash_map,2,0,2.93927,0.871067,0.0980168
m,m,20000000,absl::flat_hash_map,3,0,2.94157,0.866278,0.0977559
m,m,20000000,absl::flat_hash_map,4,0,2.93558,0.86764,0.0993193
m,m,20000000,VectorMap;0.6,0,4266666752,3.42669,0.931661,0.0950516
m,m,20000000,VectorMap;0.6,1,4266666752,3.42241,0.936535,0.0948179
m,m,20000000,VectorMap;0.6,2,4266666752,3.42649,0.934829,0.0939869
m,m,20000000,VectorMap;0.6,3,4266666752,3.4237,0.937673,0.0944611
m,m,20000000,VectorMap;0.6,4,4266666752,3.42289,0.934616,0.0937375
m,m,20000000,VectorMap;0.7,0,3657142912,3.36827,1.12617,0.110473
m,m,20000000,VectorMap;0.7,1,3657142912,3.36985,1.12295,0.108007
m,m,20000000,VectorMap;0.7,2,3657142912,3.369,1.12375,0.110467
m,m,20000000,VectorMap;0.7,3,3657142912,3.36906,1.12662,0.107374
m,m,20000000,VectorMap;0.7,4,3657142912,3.37281,1.12915,0.107393
m,m,20000000,VectorMap;0.8,0,3200000000,3.33059,1.32016,0.125249
m,m,20000000,VectorMap;0.8,1,3200000000,3.33321,1.31925,0.127145
m,m,20000000,VectorMap;0.8,2,3200000000,3.33133,1.31645,0.125166
m,m,20000000,VectorMap;0.8,3,3200000000,3.33092,1.31884,0.12586
m,m,20000000,VectorMap;0.8,4,3200000000,3.33428,1.31717,0.1241
m,m,20000000,BBHash;2;0,0,1354196480,4.24677,2.17387,0.164677
m,m,20000000,BBHash;2;0,1,1354196480,4.24056,2.17621,0.165341
m,m,20000000,BBHash;2;0,2,1354196480,4.36404,2.17552,0.166332
m,m,20000000,BBHash;2;0,3,1354196480,4.36659,2.18211,0.167713
m,m,20000000,BBHash;2;0,4,1354196480,4.38139,2.17185,0.166016
m,m,20000000,BBHash;5;0,0,1417412032,4.41968,2.41283,0.168363
m,m,20000000,BBHash;5;0,1,1417412032,4.48946,2.41062,0.169353
m,m,20000000,BBHash;5;0,2,1417412032,4.46546,2.4117,0.165378
m,m,20000000,BBHash;5;0,3,1417412032,4.45091,2.41312,0.167516
m,m,20000000,BBHash;5;0,4,1417412032,4.46487,2.41254,0.166135
m,m,20000000,PTHash;5;0.8;dictionary-dictionary;0,0,1640008512,8.56593,0.864754,0.0918064
m,m,20000000,PTHash;5;0.8;dictionary-dictionary;0,1,1641245056,8.61658,0.867329,0.0914778
m,m,20000000,PTHash;5;0.8;dictionary-dictionary;0,2,1640007872,8.55926,0.86352,0.0916478
m,m,20000000,PTHash;5;0.8;dictionary-dictionary;0,3,1640007936,8.53659,0.865526,0.0944792
m,m,20000000,PTHash;5;0.8;dictionary-dictionary;0,4,1640008512,8.58342,0.866346,0.0941159
m,m,20000000,PTHash;8;0.98;dictionary-dictionary;1,0,1373432064,8.5652,1.00191,0.0965112
m,m,20000000,PTHash;8;0.98;dictionary-dictionary;1,1,1373431936,8.58194,1.00496,0.0957079
m,m,20000000,PTHash;8;0.98;dictionary-dictionary;1,2,1373431872,8.57846,1.00362,0.0961745
m,m,20000000,PTHash;8;0.98;dictionary-dictionary;1,3,1373431936,8.56111,1.0013,0.0947491
m,m,20000000,PTHash;8;0.98;dictionary-dictionary;1,4,1373432064,8.55468,1.01019,0.0959784
m,h,50000000,AceHash;4;0.8;1;1;1;0,0,600431536,6.85846,1.25523,0.133957
m,h,50000000,AceHash;4;0.8;1;1;1;0,1,600431536,6.87615,1.25476,0.133523
m,h,50000000,AceHash;4;0.8;1;1;1;0,2,600431536,6.86232,1.25645,0.132383
m,h,50000000,AceHash;4;0.8;1;1;1;0,3,600431536,6.87285,1.25461,0.132049
m,h,50000000,AceHash;4;0.8;1;1;1;0,4,600431536,6.86133,1.25456,0.133123
m,h,50000000,AceHash;2.5;1;1;1;1;0,0,573721880,8.6871,1.37819,0.148171
m,h,50000000,AceHash;2.5;1;1;1;1;0,1,573721880,8.68503,1.37522,0.145305
m,h,50000000,AceHash;2.5;1;1;1;1;0,2,573721880,8.69403,1.37638,0.14789
m,h,50000000,AceHash;2.5;1;1;1;1;0,3,573721880,8.69676,1.37562,0.14779
m,h,50000000,AceHash;2.5;1;1;1;1;0,4,573721880,8.67979,1.37649,0.146441
m,h,50000000,std::unordered_map,0,0,6.91045,2.73585,0.24043
m,h,50000000,std::unordered_map,1,0,6.47513,2.72808,0.241414
m,h,50000000,std::unordered_map,2,0,6.48058,2.72653,0.242554
m,h,50000000,std::unordered_map,3,0,6.47376,2.72184,0.242392
m,h,50000000,std::unordered_map,4,0,6.47474,2.72836,0.241214
m,h,50000000,absl::flat_hash_map,0,0,7.90148,2.46993,0.260252
m,h,50000000,absl::flat_hash_map,1,0,7.88882,2.47026,0.258499
m,h,50000000,absl::flat_hash_map,2,0,7.88538,2.46606,0.25985
m,h,50000000,absl::flat_hash_map,3,0,7.89405,2.46531,0.258497
m,h,50000000,absl::flat_hash_map,4,0,7.88544,2.46669,0.259531
m,h,50000000,VectorMap;0.6,0,10666666752,9.66209,2.40797,0.224112
m,h,50000000,VectorMap;0.6,1,10666666752,9.65977,2.4079,0.229261
m,h,50000000,VectorMap;0.6,2,10666666752,9.66119,2.40794,0.227646
m,h,50000000,VectorMap;0.6,3,10666666752,9.67204,2.40646,0.225532
m,h,50000000,VectorMap;0.6,4,10666666752,9.68263,2.40747,0.228649
m,h,50000000,VectorMap;0.7,0,9142857216,9.31343,2.80162,0.258226
m,h,50000000,VectorMap;0.7,1,9142857216,9.32491,2.8021,0.260798
m,h,50000000,VectorMap;0.7,2,9142857216,9.31607,2.79895,0.25788
m,h,50000000,VectorMap;0.7,3,9142857216,9.31682,2.80386,0.259968
m,h,50000000,VectorMap;0.7,4,9142857216,9.33134,2.79803,0.260598
m,h,50000000,VectorMap;0.8,0,8000000000,9.10362,3.25216,0.297003
m,h,50000000,VectorMap;0.8,1,8000000000,9.09768,3.25072,0.296418
m,h,50000000,VectorMap;0.8,2,8000000000,9.09766,3.24707,0.298661
m,h,50000000,VectorMap;0.8,3,8000000000,9.10634,3.24543,0.298584
m,h,50000000,VectorMap;0.8,4,8000000000,9.1043,3.24563,0.298147
m,h,50000000,BBHash;2;0,0,585484992,16.4935,7.78848,0.529798
m,h,50000000,BBHash;2;0,1,585484992,16.5556,7.93198,0.532163
m,h,50000000,BBHash;2;0,2,585484992,16.5996,7.93878,0.530302
m,h,50000000,BBHash;2;0,3,585484992,16.5967,7.93688,0.531987
m,h,50000000,BBHash;2;0,4,585484992,16.6394,7.95749,0.530181
m,h,50000000,BBHash;5;0,0,743523712,15.1758,7.44774,0.503851
m,h,50000000,BBHash;5;0,1,743523712,15.3349,7.43609,0.503723
m,h,50000000,BBHash;5;0,2,743523712,15.3648,7.44035,0.505558
m,h,50000000,BBHash;5;0,3,743523712,15.2503,7.44313,0.5051
m,h,50000000,BBHash;5;0,4,743523712,15.285,7.43586,0.503874
m,h,50000000,PTHash;5;0.8;dictionary-dictionary;0,0,597767936,24.5439,2.69255,0.228759
m,h,50000000,PTHash;5;0.8;dictionary-dictionary;0,1,597767872,24.5614,2.68829,0.229467
m,h,50000000,PTHash;5;0.8;dictionary-dictionary;0,2,597768000,24.5409,2.68755,0.229732
m,h,50000000,PTHash;5;0.8;dictionary-dictionary;0,3,597768064,24.4764,2.68973,0.231196
m,h,50000000,PTHash;5;0.8;dictionary-dictionary;0,4,597768064,24.4638,2.68623,0.230498
m,h,50000000,PTHash;8;0.98;dictionary-dictionary;1,0,579096896,24.9444,3.07494,0.276273
m,h,50000000,PTHash;8;0.98;dictionary-dictionary;1,1,579097024,24.9866,3.07689,0.279225
m,h,50000000,PTHash;8;0.98;dictionary-dictionary;1,2,579097344,25.0248,3.08131,0.277721
m,h,50000000,PTHash;8;0.98;dictionary-dictionary;1,3,579096704,24.9553,3.08086,0.278494
m,h,50000000,PTHash;8;0.98;dictionary-dictionary;1,4,579097280,24.9107,3.07754,0.277277
m,m,50000000,AceHash;4;0.8;1;1;1;0,0,4100429808,7.90879,1.56375,0.161272
m,m,50000000,AceHash;4;0.8;1;1;1;0,1,4100429808,7.91092,1.56469,0.160091
m,m,50000000,AceHash;4;0.8;1;1;1;0,2,4100429808,7.91016,1.56378,0.159603
m,m,50000000,AceHash;4;0.8;1;1;1;0,3,4100429808,7.90721,1.5638,0.160589
m,m,50000000,AceHash;4;0.8;1;1;1;0,4,4100429808,7.90753,1.56599,0.159869
m,m,50000000,AceHash;2.5;1;1;1;1;0,0,3373703696,9.65542,1.67435,0.174142
m,m,50000000,AceHash;2.5;1;1;1;1;0,1,3373703696,10.2675,1.67811,0.17478
m,m,50000000,AceHash;2.5;1;1;1;1;0,2,3373703696,10.2619,1.67753,0.17334
m,m,50000000,AceHash;2.5;1;1;1;1;0,3,3373703696,10.268,1.67954,0.173575
m,m,50000000,AceHash;2.5;1;1;1;1;0,4,3373703696,10.2744,1.68093,0.174544
m,m,50000000,std::unordered_map,0,0,7.66858,2.74952,0.237112
m,m,50000000,std::unordered_map,1,0,7.13233,2.73052,0.235869
m,m,50000000,std::unordered_map,2,0,6.71391,2.73156,0.234723
m,m,50000000,std::unordered_map,3,0,6.70356,2.72904,0.237443
m,m,50000000,std::unordered_map,4,0,6.70308,2.74544,0.236991
m,m,50000000,absl::flat_hash_map,0,0,8.04157,2.37739,0.256339
m,m,50000000,absl::flat_hash_map,1,0,8.04663,2.3713,0.255718
m,m,50000000,absl::flat_hash_map,2,0,8.03031,2.37083,0.256065
m,m,50000000,absl::flat_hash_map,3,0,8.04179,2.37022,0.25572
m,m,50000000,absl::flat_hash_map,4,0,8.04373,2.37597,0.256246
m,m,50000000,VectorMap;0.6,0,10666666752,9.8583,2.40131,0.230666
m,m,50000000,VectorMap;0.6,1,10666666752,9.85988,2.40205,0.231868
m,m,50000000,VectorMap;0.6,2,10666666752,9.87313,2.40822,0.231192
m,m,50000000,VectorMap;0.6,3,10666666752,9.85863,2.41282,0.230671
m,m,50000000,VectorMap;0.6,4,10666666752,9.85896,2.40398,0.233149
m,m,50000000,VectorMap;0.7,0,9142857216,9.50924,2.88897,0.269272
m,m,50000000,VectorMap;0.7,1,9142857216,9.49641,2.89381,0.269243
m,m,50000000,VectorMap;0.7,2,9142857216,9.49757,2.88898,0.272962
m,m,50000000,VectorMap;0.7,3,9142857216,9.48675,2.89942,0.272471
m,m,50000000,VectorMap;0.7,4,9142857216,9.48323,2.89221,0.271792
m,m,50000000,VectorMap;0.8,0,8000000000,9.25809,3.39674,0.313385
m,m,50000000,VectorMap;0.8,1,8000000000,9.25622,3.40079,0.312999
m,m,50000000,VectorMap;0.8,2,8000000000,9.26923,3.40574,0.314182
m,m,50000000,VectorMap;0.8,3,8000000000,9.25978,3.40223,0.315885
m,m,50000000,VectorMap;0.8,4,8000000000,9.26589,3.40509,0.315105
m,m,50000000,BBHash;2;0,0,3385484992,16.889,8.44903,0.552819
m,m,50000000,BBHash;2;0,1,3385484992,16.8485,8.45622,0.554531
m,m,50000000,BBHash;2;0,2,3385484992,17.1087,8.44838,0.555408
m,m,50000000,BBHash;2;0,3,3385484992,17.0772,8.44688,0.55372
m,m,50000000,BBHash;2;0,4,3385484992,17.0622,8.45349,0.553947
m,m,50000000,BBHash;5;0,0,3543523712,15.226,8.12691,0.542497
m,m,50000000,BBHash;5;0,1,3543523712,15.246,8.11852,0.543776
m,m,50000000,BBHash;5;0,2,3543523712,15.1565,8.12507,0.543582
m,m,50000000,BBHash;5;0,3,3543523712,15.289,8.12119,0.541728
m,m,50000000,BBHash;5;0,4,3543523712,15.2183,8.12265,0.544925
m,m,50000000,PTHash;5;0.8;dictionary-dictionary;0,0,4097768640,26.6651,2.95322,0.242476
m,m,50000000,PTHash;5;0.8;dictionary-dictionary;0,1,4097768192,26.4117,2.95103,0.241077
m,m,50000000,PTHash;5;0.8;dictionary-dictionary;0,2,4097768128,26.5703,2.94973,0.240436
m,m,50000000,PTHash;5;0.8;dictionary-dictionary;0,3,4097767360,26.4745,2.94969,0.243251
m,m,50000000,PTHash;5;0.8;dictionary-dictionary;0,4,4097768704,26.4273,2.95016,0.242809
m,m,50000000,PTHash;8;0.98;dictionary-dictionary;1,0,3436239680,25.7085,3.35179,0.281449
m,m,50000000,PTHash;8;0.98;dictionary-dictionary;1,1,3436239680,25.5128,3.353,0.281785
m,m,50000000,PTHash;8;0.98;dictionary-dictionary;1,2,3436240192,25.5572,3.34959,0.281189
m,m,50000000,PTHash;8;0.98;dictionary-dictionary;1,3,3436239872,25.5705,3.3492,0.279262
m,m,50000000,PTHash;8;0.98;dictionary-dictionary;1,4,3436239552,25.613,3.36087,0.282017
m,h,100000000,AceHash;4;0.8;1;1;1;0,0,1200854576,18.7607,2.95428,0.296121
m,h,100000000,AceHash;4;0.8;1;1;1;0,1,1200854576,18.7577,2.9535,0.297705
m,h,100000000,AceHash;4;0.8;1;1;1;0,2,1200854576,18.7663,2.9551,0.296962
m,h,100000000,AceHash;4;0.8;1;1;1;0,3,1200854576,18.7654,2.95552,0.296626
m,h,100000000,AceHash;4;0.8;1;1;1;0,4,1200854576,18.7854,2.95536,0.297725
m,h,100000000,AceHash;2.5;1;1;1;1;0,0,1147412096,21.6367,3.14448,0.317484
m,h,100000000,AceHash;2.5;1;1;1;1;0,1,1147412096,21.6431,3.14497,0.316788
m,h,100000000,AceHash;2.5;1;1;1;1;0,2,1147412096,21.6399,3.15168,0.315751
m,h,100000000,AceHash;2.5;1;1;1;1;0,3,1147412096,21.6441,3.14611,0.315452
m,h,100000000,AceHash;2.5;1;1;1;1;0,4,1147412096,21.6357,3.14498,0.317071
m,h,100000000,std::unordered_map,0,0,14.14,5.70083,0.47902
m,h,100000000,std::unordered_map,1,0,13.3308,5.65521,0.467805
m,h,100000000,std::unordered_map,2,0,13.327,5.64517,0.469963
m,h,100000000,std::unordered_map,3,0,13.3315,5.63623,0.469161
m,h,100000000,std::unordered_map,4,0,13.3311,5.64854,0.468296
m,h,100000000,absl::flat_hash_map,0,0,17.3315,5.33037,0.537385
m,h,100000000,absl::flat_hash_map,1,0,17.3195,5.32856,0.536561
m,h,100000000,absl::flat_hash_map,2,0,17.3216,5.33763,0.537141
m,h,100000000,absl::flat_hash_map,3,0,17.3384,5.31826,0.536502
m,h,100000000,absl::flat_hash_map,4,0,17.3173,5.33438,0.537309
m,h,100000000,VectorMap;0.6,0,21333333376,22.2046,5.01801,0.451066
m,h,100000000,VectorMap;0.6,1,21333333376,22.2079,5.01686,0.450969
m,h,100000000,VectorMap;0.6,2,21333333376,22.2256,5.02612,0.448693
m,h,100000000,VectorMap;0.6,3,21333333376,22.2193,5.01867,0.45824
m,h,100000000,VectorMap;0.6,4,21333333376,22.2168,5.01907,0.459394
m,h,100000000,VectorMap;0.7,0,18285714304,21.2961,5.79867,0.515535
m,h,100000000,VectorMap;0.7,1,18285714304,21.2779,5.7941,0.520682
m,h,100000000,VectorMap;0.7,2,18285714304,21.2984,5.80032,0.518221
m,h,100000000,VectorMap;0.7,3,18285714304,21.295,5.80866,0.519296
m,h,100000000,VectorMap;0.7,4,18285714304,21.2852,5.79656,0.527436
m,h,100000000,VectorMap;0.8,0,16000000000,20.5737,6.7183,0.603282
m,h,100000000,VectorMap;0.8,1,16000000000,20.5744,6.70919,0.598339
m,h,100000000,VectorMap;0.8,2,16000000000,20.5746,6.71559,0.605567
m,h,100000000,VectorMap;0.8,3,16000000000,20.579,6.71858,0.597365
m,h,100000000,VectorMap;0.8,4,16000000000,20.5674,6.7172,0.601969
m,h,100000000,BBHash;2;0,0,1170966080,41.9293,19.1763,1.2712
m,h,100000000,BBHash;2;0,1,1170966080,41.8819,19.1847,1.27051
m,h,100000000,BBHash;2;0,2,1170966080,41.8365,19.1717,1.27318
m,h,100000000,BBHash;2;0,3,1170966080,41.9407,19.1868,1.27445
m,h,100000000,BBHash;2;0,4,1170966080,41.9163,19.1946,1.27371
m,h,100000000,BBHash;5;0,0,1487043264,34.128,16.8183,1.12981
m,h,100000000,BBHash;5;0,1,1487043264,34.1054,16.7867,1.13006
m,h,100000000,BBHash;5;0,2,1487043264,34.0512,16.8639,1.13228
m,h,100000000,BBHash;5;0,3,1487043264,34.0061,16.8259,1.13146
m,h,100000000,BBHash;5;0,4,1487043264,34.0077,16.8309,1.13044
m,h,100000000,PTHash;5;0.8;dictionary-dictionary;0,0,1188165952,61.9782,6.37272,0.531781
m,h,100000000,PTHash;5;0.8;dictionary-dictionary;0,1,1188166336,62.5032,6.38477,0.532651
m,h,100000000,PTHash;5;0.8;dictionary-dictionary;0,2,1188166144,61.7996,6.39869,0.532611
m,h,100000000,PTHash;5;0.8;dictionary-dictionary;0,3,1188166144,62.0714,6.39658,0.533989
m,h,100000000,PTHash;5;0.8;dictionary-dictionary;0,4,1188166080,61.961,6.38137,0.531145
m,h,100000000,PTHash;8;0.98;dictionary-dictionary;1,0,1145937280,59.0543,7.17775,0.620076
m,h,100000000,PTHash;8;0.98;dictionary-dictionary;1,1,1145938560,59.8952,7.16562,0.619665
m,h,100000000,PTHash;8;0.98;dictionary-dictionary;1,2,1145937408,58.9986,7.15934,0.619054
m,h,100000000,PTHash;8;0.98;dictionary-dictionary;1,3,1145937408,59.8688,7.17232,0.620236
m,h,100000000,PTHash;8;0.98;dictionary-dictionary;1,4,1145938880,59.4036,7.1648,0.617775
m,m,100000000,AceHash;4;0.8;1;1;1;0,0,8200844312,20.9632,3.45385,0.359182
m,m,100000000,AceHash;4;0.8;1;1;1;0,1,8200844312,20.9799,3.45489,0.360564
m,m,100000000,AceHash;4;0.8;1;1;1;0,2,8200844312,20.9536,3.45277,0.361235
m,m,100000000,AceHash;4;0.8;1;1;1;0,3,8200844312,20.9681,3.45824,0.358776
m,m,100000000,AceHash;4;0.8;1;1;1;0,4,8200844312,20.9825,3.45336,0.358375
m,m,100000000,AceHash;2.5;1;1;1;1;0,0,6747463224,23.3986,3.63798,0.381246
m,m,100000000,AceHash;2.5;1;1;1;1;0,1,6747463224,23.3925,3.63832,0.380079
m,m,100000000,AceHash;2.5;1;1;1;1;0,2,6747463224,23.4134,3.63584,0.380038
m,m,100000000,AceHash;2.5;1;1;1;1;0,3,6747463224,23.3936,3.63723,0.3813
m,m,100000000,AceHash;2.5;1;1;1;1;0,4,6747463224,23.4005,3.63703,0.382175
m,m,100000000,std::unordered_map,0,0,14.7395,5.789,0.496123
m,m,100000000,std::unordered_map,1,0,13.5143,5.66095,0.476597
m,m,100000000,std::unordered_map,2,0,13.5124,5.66834,0.477536
m,m,100000000,std::unordered_map,3,0,13.5072,5.66482,0.476985
m,m,100000000,std::unordered_map,4,0,13.5258,5.67912,0.475627
m,m,100000000,absl::flat_hash_map,0,0,17.2979,5.06378,0.527923
m,m,100000000,absl::flat_hash_map,1,0,17.295,5.05599,0.527531
m,m,100000000,absl::flat_hash_map,2,0,17.2902,5.04025,0.529138
m,m,100000000,absl::flat_hash_map,3,0,17.3049,5.04583,0.529432
m,m,100000000,absl::flat_hash_map,4,0,17.3159,5.05215,0.529097
m,m,100000000,VectorMap;0.6,0,21333333376,22.3555,4.95824,0.467071
m,m,100000000,VectorMap;0.6,1,21333333376,22.3857,4.95335,0.467546
m,m,100000000,VectorMap;0.6,2,21333333376,22.3793,4.94596,0.462957
m,m,100000000,VectorMap;0.6,3,21333333376,22.3504,4.96066,0.465795
m,m,100000000,VectorMap;0.6,4,21333333376,22.3934,4.95859,0.464557
m,m,100000000,VectorMap;0.7,0,18285714304,21.4186,5.93597,0.549517
m,m,100000000,VectorMap;0.7,1,18285714304,21.416,5.93005,0.544067
m,m,100000000,VectorMap;0.7,2,18285714304,21.4223,5.93138,0.543712
m,m,100000000,VectorMap;0.7,3,18285714304,21.4312,5.94345,0.547227
m,m,100000000,VectorMap;0.7,4,18285714304,21.4176,5.95107,0.542928
m,m,100000000,VectorMap;0.8,0,16000000000,20.6888,6.96662,0.640625
m,m,100000000,VectorMap;0.8,1,16000000000,20.7059,6.98135,0.630664
m,m,100000000,VectorMap;0.8,2,16000000000,20.7251,6.95959,0.631265
m,m,100000000,VectorMap;0.8,3,16000000000,20.6964,6.96515,0.632438
m,m,100000000,VectorMap;0.8,4,16000000000,20.712,6.96535,0.646632
m,m,100000000,BBHash;2;0,0,6770966080,42.7762,20.18,1.31592
m,m,100000000,BBHash;2;0,1,6770966080,42.8399,20.1967,1.31614
m,m,100000000,BBHash;2;0,2,6770966080,43.1593,20.184,1.31753
m,m,100000000,BBHash;2;0,3,6770966080,43.199,20.1956,1.31851
m,m,100000000,BBHash;2;0,4,6770966080,43.017,20.2075,1.31856
m,m,100000000,BBHash;5;0,0,7087043264,35.0873,17.5324,1.16877
m,m,100000000,BBHash;5;0,1,7087043264,35.0677,17.5256,1.16953
m,m,100000000,BBHash;5;0,2,7087043264,35.1315,17.5579,1.17052
m,m,100000000,BBHash;5;0,3,7087043264,35.0421,17.5262,1.1697
m,m,100000000,BBHash;5;0,4,7087043264,34.9155,17.508,1.16755
m,m,100000000,PTHash;5;0.8;dictionary-dictionary;0,0,8188166080,68.3433,7.13716,0.578815
m,m,100000000,PTHash;5;0.8;dictionary-dictionary;0,1,8188165952,68.4249,7.13701,0.575468
m,m,100000000,PTHash;5;0.8;dictionary-dictionary;0,2,8188165952,68.8871,7.13168,0.577666
m,m,100000000,PTHash;5;0.8;dictionary-dictionary;0,3,8188166080,68.6168,7.1401,0.577222
m,m,100000000,PTHash;5;0.8;dictionary-dictionary;0,4,8188166144,68.6522,7.13909,0.578716
m,m,100000000,PTHash;8;0.98;dictionary-dictionary;1,0,6860222976,61.1606,7.80457,0.648304
m,m,100000000,PTHash;8;0.98;dictionary-dictionary;1,1,6860223040,61.8092,7.82008,0.651507
m,m,100000000,PTHash;8;0.98;dictionary-dictionary;1,2,6860224320,62.1575,7.84285,0.653425
m,m,100000000,PTHash;8;0.98;dictionary-dictionary;1,3,6860223232,62.3796,7.82018,0.652061
m,m,100000000,PTHash;8;0.98;dictionary-dictionary;1,4,6860222848,61.8469,7.83643,0.654215
