Key type,Value type,Number of keys,Algorithm,Parameters,Trial,Number of bits,Construction time (s),Serial evaluation time (s),Parallel evaluation time (s)
m,m,100000,AceHash;1;1;1;0,2.5;1,0,6746000,0.00583064,0.780044,0.0903377
m,m,100000,AceHash;1;1;1;0,2.5;1,1,6746000,0.00613929,0.787178,0.0873384
m,m,100000,AceHash;1;1;1;0,2.5;1,2,6746000,0.00592808,0.790708,0.0875338
m,m,100000,AceHash;1;1;1;0,2.5;1,3,6746000,0.00593722,0.79354,0.0874297
m,m,100000,AceHash;1;1;1;0,2.5;1,4,6746000,0.00607707,0.790973,0.0874168
m,m,100000,std::unordered_map,,0,0,0.00807513,3.39296,0.260691
m,m,100000,std::unordered_map,,1,0,0.00718275,3.38302,0.261073
m,m,100000,std::unordered_map,,2,0,0.00725308,3.38751,0.2608
m,m,100000,std::unordered_map,,3,0,0.00715761,3.38319,0.260221
m,m,100000,std::unordered_map,,4,0,0.00715993,3.38185,0.260348
m,m,100000,absl::flat_hash_map,,0,0,0.0027628,0.868462,0.0969829
m,m,100000,absl::flat_hash_map,,1,0,0.00270235,0.872569,0.0975743
m,m,100000,absl::flat_hash_map,,2,0,0.00182347,0.870405,0.0973131
m,m,100000,absl::flat_hash_map,,3,0,0.00182054,0.870166,0.0971789
m,m,100000,absl::flat_hash_map,,4,0,0.00180899,0.870667,0.0971959
m,m,100000,BBHash;0,2.000000,0,6774976,0.0161806,5.08739,0.447675
m,m,100000,BBHash;0,2.000000,1,6774976,0.0151166,5.07877,0.45183
m,m,100000,BBHash;0,2.000000,2,6774976,0.0157675,5.0822,0.454227
m,m,100000,BBHash;0,2.000000,3,6774976,0.0156222,5.08107,0.448233
m,m,100000,BBHash;0,2.000000,4,6774976,0.0152933,5.10514,0.448517
m,m,100000,PTHash;dictionary-dictionary;1,8;0.98,0,6923200,0.0211484,2.10154,0.188873
m,m,100000,PTHash;dictionary-dictionary;1,8;0.98,1,6923008,0.0210538,2.0971,0.189773
m,m,100000,PTHash;dictionary-dictionary;1,8;0.98,2,6923008,0.0208093,2.09907,0.189304
m,m,100000,PTHash;dictionary-dictionary;1,8;0.98,3,6923072,0.0209433,2.09727,0.188438
m,m,100000,PTHash;dictionary-dictionary;1,8;0.98,4,6923072,0.0213309,2.09993,0.188931
m,m,100000,DuckDB,,0,0,0,3.74434,0
m,m,100000,DuckDB,,1,0,0,3.75223,0
m,m,100000,DuckDB,,2,0,0,3.76033,0
m,m,100000,DuckDB,,3,0,0,3.75841,0
m,m,100000,DuckDB,,4,0,0,3.74561,0
m,h,100000,AceHash;1;1;1;0,2.5;1,0,1146496,0.00597478,0.620788,0.0746634
m,h,100000,AceHash;1;1;1;0,2.5;1,1,1146496,0.00616505,0.619822,0.074632
m,h,100000,AceHash;1;1;1;0,2.5;1,2,1146496,0.00612983,0.621865,0.0745974
m,h,100000,AceHash;1;1;1;0,2.5;1,3,1146496,0.00612362,0.620165,0.074443
m,h,100000,AceHash;1;1;1;0,2.5;1,4,1146496,0.00617122,0.620127,0.0745368
m,h,100000,std::unordered_map,,0,0,0.00657594,3.57299,0.269742
m,h,100000,std::unordered_map,,1,0,0.00628373,3.56595,0.270275
m,h,100000,std::unordered_map,,2,0,0.00629191,3.55988,0.269715
m,h,100000,std::unordered_map,,3,0,0.00629485,3.5787,0.271587
m,h,100000,std::unordered_map,,4,0,0.00630097,3.57276,0.269904
m,h,100000,absl::flat_hash_map,,0,0,0.00221476,0.92761,0.0874595
m,h,100000,absl::flat_hash_map,,1,0,0.00179545,0.931912,0.0875977
m,h,100000,absl::flat_hash_map,,2,0,0.00174867,0.927014,0.0877513
m,h,100000,absl::flat_hash_map,,3,0,0.00178252,0.919253,0.0874919
m,h,100000,absl::flat_hash_map,,4,0,0.0017907,0.918803,0.087731
m,h,100000,BBHash;0,2.000000,0,1174976,0.0163848,4.94123,0.431732
m,h,100000,BBHash;0,2.000000,1,1174976,0.01563,4.92803,0.429476
m,h,100000,BBHash;0,2.000000,2,1174976,0.0151764,4.92879,0.429969
m,h,100000,BBHash;0,2.000000,3,1174976,0.0160546,4.93938,0.430191
m,h,100000,BBHash;0,2.000000,4,1174976,0.0151788,4.93159,0.429806
m,h,100000,PTHash;dictionary-dictionary;1,8;0.98,0,1208768,0.0208308,2.02609,0.185201
m,h,100000,PTHash;dictionary-dictionary;1,8;0.98,1,1208896,0.0210621,2.03502,0.18567
m,h,100000,PTHash;dictionary-dictionary;1,8;0.98,2,1208896,0.0210949,2.03265,0.185197
m,h,100000,PTHash;dictionary-dictionary;1,8;0.98,3,1208896,0.0209768,2.02489,0.185377
m,h,100000,PTHash;dictionary-dictionary;1,8;0.98,4,1208832,0.0211879,2.02299,0.185011
m,h,100000,DuckDB,,0,0,0,3.63628,0
m,h,100000,DuckDB,,1,0,0,3.65396,0
m,h,100000,DuckDB,,2,0,0,3.60839,0
m,h,100000,DuckDB,,3,0,0,3.59127,0
m,h,100000,DuckDB,,4,0,0,3.60794,0
m,m,200000,AceHash;1;1;1;0,2.5;1,0,13495224,0.0130818,0.95254,0.096859
m,m,200000,AceHash;1;1;1;0,2.5;1,1,13495224,0.0117775,0.957477,0.0965417
m,m,200000,AceHash;1;1;1;0,2.5;1,2,13495224,0.0118733,0.952735,0.0966066
m,m,200000,AceHash;1;1;1;0,2.5;1,3,13495224,0.0117626,0.952668,0.0968313
m,m,200000,AceHash;1;1;1;0,2.5;1,4,13495224,0.0117903,0.955067,0.0966935
m,m,200000,std::unordered_map,,0,0,0.0156154,3.87138,0.300096
m,m,200000,std::unordered_map,,1,0,0.015215,3.8239,0.298103
m,m,200000,std::unordered_map,,2,0,0.0151756,3.83264,0.298591
m,m,200000,std::unordered_map,,3,0,0.0151647,3.83304,0.298074
m,m,200000,std::unordered_map,,4,0,0.0152194,3.83164,0.298541
m,m,200000,absl::flat_hash_map,,0,0,0.00573491,0.952962,0.106881
m,m,200000,absl::flat_hash_map,,1,0,0.00520921,0.948659,0.106662
m,m,200000,absl::flat_hash_map,,2,0,0.00350467,0.948483,0.106666
m,m,200000,absl::flat_hash_map,,3,0,0.00349718,0.94799,0.106658
m,m,200000,absl::flat_hash_map,,4,0,0.00360206,0.94853,0.10664
m,m,200000,BBHash;0,2.000000,0,13546112,0.0277716,5.28963,0.460172
m,m,200000,BBHash;0,2.000000,1,13546112,0.0285143,5.29743,0.460438
m,m,200000,BBHash;0,2.000000,2,13546112,0.0278818,5.29498,0.460263
m,m,200000,BBHash;0,2.000000,3,13546112,0.0284366,5.29088,0.461174
m,m,200000,BBHash;0,2.000000,4,13546112,0.0290044,5.30176,0.460444
m,m,200000,PTHash;dictionary-dictionary;1,8;0.98,0,13799616,0.0440463,2.21264,0.196576
m,m,200000,PTHash;dictionary-dictionary;1,8;0.98,1,13799744,0.0437679,2.21602,0.197216
m,m,200000,PTHash;dictionary-dictionary;1,8;0.98,2,13799424,0.0436186,2.21435,0.197079
m,m,200000,PTHash;dictionary-dictionary;1,8;0.98,3,13799488,0.0438121,2.21529,0.196779
m,m,200000,PTHash;dictionary-dictionary;1,8;0.98,4,13799552,0.0438593,2.21164,0.197118
m,m,200000,DuckDB,,0,0,0,4.13121,0
m,m,200000,DuckDB,,1,0,0,4.11261,0
m,m,200000,DuckDB,,2,0,0,4.14538,0
m,m,200000,DuckDB,,3,0,0,4.10112,0
m,m,200000,DuckDB,,4,0,0,4.13122,0
m,h,200000,AceHash;1;1;1;0,2.5;1,0,2295800,0.0116642,0.63942,0.0762238
m,h,200000,AceHash;1;1;1;0,2.5;1,1,2295800,0.0119228,0.639223,0.0761213
m,h,200000,AceHash;1;1;1;0,2.5;1,2,2295800,0.0119639,0.639439,0.0759315
m,h,200000,AceHash;1;1;1;0,2.5;1,3,2295800,0.0119063,0.63945,0.0762598
m,h,200000,AceHash;1;1;1;0,2.5;1,4,2295800,0.01196,0.639746,0.0760595
m,h,200000,std::unordered_map,,0,0,0.0134382,4.03788,0.308625
m,h,200000,std::unordered_map,,1,0,0.0129558,4.04687,0.309185
m,h,200000,std::unordered_map,,2,0,0.0129914,4.04625,0.309718
m,h,200000,std::unordered_map,,3,0,0.0135275,4.05608,0.309218
m,h,200000,std::unordered_map,,4,0,0.0129977,4.01917,0.308612
m,h,200000,absl::flat_hash_map,,0,0,0.00486048,1.0319,0.101768
m,h,200000,absl::flat_hash_map,,1,0,0.00350505,1.03153,0.101857
m,h,200000,absl::flat_hash_map,,2,0,0.00342434,1.03188,0.101823
m,h,200000,absl::flat_hash_map,,3,0,0.00349755,1.03218,0.101805
m,h,200000,absl::flat_hash_map,,4,0,0.0034941,1.03572,0.10174
m,h,200000,BBHash;0,2.000000,0,2346112,0.0296288,5.07209,0.439644
m,h,200000,BBHash;0,2.000000,1,2346112,0.027916,5.06,0.440264
m,h,200000,BBHash;0,2.000000,2,2346112,0.0314084,5.06871,0.439784
m,h,200000,BBHash;0,2.000000,3,2346112,0.0296414,5.06202,0.439806
m,h,200000,BBHash;0,2.000000,4,2346112,0.0284941,5.0658,0.43995
m,h,200000,PTHash;dictionary-dictionary;1,8;0.98,0,2371080,0.0441521,2.05173,0.190349
m,h,200000,PTHash;dictionary-dictionary;1,8;0.98,1,2371336,0.043805,2.05518,0.189106
m,h,200000,PTHash;dictionary-dictionary;1,8;0.98,2,2371080,0.0437093,2.0463,0.188855
m,h,200000,PTHash;dictionary-dictionary;1,8;0.98,3,2370952,0.0432355,2.05137,0.189558
m,h,200000,PTHash;dictionary-dictionary;1,8;0.98,4,2371016,0.0438629,2.0512,0.189197
m,h,200000,DuckDB,,0,0,0,3.7914,0
m,h,200000,DuckDB,,1,0,0,3.77423,0
m,h,200000,DuckDB,,2,0,0,3.78851,0
m,h,200000,DuckDB,,3,0,0,3.78202,0
m,h,200000,DuckDB,,4,0,0,3.79836,0
m,m,500000,AceHash;1;1;1;0,2.5;1,0,33735400,0.0323863,1.02437,0.104613
m,m,500000,AceHash;1;1;1;0,2.5;1,1,33735400,0.0298798,1.03914,0.105376
m,m,500000,AceHash;1;1;1;0,2.5;1,2,33735400,0.0300564,1.02927,0.105336
m,m,500000,AceHash;1;1;1;0,2.5;1,3,33735400,0.0299729,1.03423,0.104598
m,m,500000,AceHash;1;1;1;0,2.5;1,4,33735400,0.0300124,1.03663,0.104614
m,m,500000,std::unordered_map,,0,0,0.0394873,6.07408,0.453788
m,m,500000,std::unordered_map,,1,0,0.0410608,6.05356,0.453049
m,m,500000,std::unordered_map,,2,0,0.0411571,6.06377,0.453106
m,m,500000,std::unordered_map,,3,0,0.041105,6.06842,0.453255
m,m,500000,std::unordered_map,,4,0,0.0415143,6.06683,0.452901
m,m,500000,absl::flat_hash_map,,0,0,0.0250717,1.83664,0.173948
m,m,500000,absl::flat_hash_map,,1,0,0.0241522,1.83609,0.173474
m,m,500000,absl::flat_hash_map,,2,0,0.0141639,1.83737,0.17357
m,m,500000,absl::flat_hash_map,,3,0,0.0141018,1.83697,0.173544
m,m,500000,absl::flat_hash_map,,4,0,0.0141263,1.83707,0.173467
m,m,500000,BBHash;0,2.000000,0,33858816,0.0675996,5.47062,0.471956
m,m,500000,BBHash;0,2.000000,1,33858816,0.0682163,5.48039,0.471901
m,m,500000,BBHash;0,2.000000,2,33858816,0.0674198,5.47036,0.471691
m,m,500000,BBHash;0,2.000000,3,33858816,0.0674264,5.46403,0.471923
m,m,500000,BBHash;0,2.000000,4,33858816,0.0678374,5.45977,0.471957
m,m,500000,PTHash;dictionary-dictionary;1,8;0.98,0,34516976,0.116782,2.32932,0.207768
m,m,500000,PTHash;dictionary-dictionary;1,8;0.98,1,34517040,0.116158,2.32803,0.207749
m,m,500000,PTHash;dictionary-dictionary;1,8;0.98,2,34517040,0.116536,2.32832,0.207647
m,m,500000,PTHash;dictionary-dictionary;1,8;0.98,3,34517296,0.116426,2.33009,0.208178
m,m,500000,PTHash;dictionary-dictionary;1,8;0.98,4,34516976,0.117117,2.33356,0.208027
m,m,500000,DuckDB,,0,0,0,5.89442,0
m,m,500000,DuckDB,,1,0,0,5.90081,0
m,m,500000,DuckDB,,2,0,0,5.91288,0
m,m,500000,DuckDB,,3,0,0,5.90972,0
m,m,500000,DuckDB,,4,0,0,5.88127,0
m,h,500000,AceHash;1;1;1;0,2.5;1,0,5731584,0.0293745,0.728401,0.0839851
m,h,500000,AceHash;1;1;1;0,2.5;1,1,5731584,0.0294551,0.728292,0.084078
m,h,500000,AceHash;1;1;1;0,2.5;1,2,5731584,0.0294305,0.729574,0.0842234
m,h,500000,AceHash;1;1;1;0,2.5;1,3,5731584,0.0295347,0.725442,0.0841222
m,h,500000,AceHash;1;1;1;0,2.5;1,4,5731584,0.0295044,0.726257,0.0839542
m,h,500000,std::unordered_map,,0,0,0.0335721,6.28687,0.466903
m,h,500000,std::unordered_map,,1,0,0.0347151,6.29528,0.466639
m,h,500000,std::unordered_map,,2,0,0.034574,6.28733,0.467199
m,h,500000,std::unordered_map,,3,0,0.0347823,6.31557,0.467365
m,h,500000,std::unordered_map,,4,0,0.0353435,6.28771,0.467087
m,h,500000,absl::flat_hash_map,,0,0,0.0157983,1.92898,0.168269
m,h,500000,absl::flat_hash_map,,1,0,0.0137951,1.92839,0.168156
m,h,500000,absl::flat_hash_map,,2,0,0.0141651,1.92921,0.16816
m,h,500000,absl::flat_hash_map,,3,0,0.0137732,1.91619,0.168084
m,h,500000,absl::flat_hash_map,,4,0,0.0138017,1.92581,0.168131
m,h,500000,BBHash;0,2.000000,0,5858816,0.0693841,5.24993,0.450227
m,h,500000,BBHash;0,2.000000,1,5858816,0.0662972,5.24735,0.450332
m,h,500000,BBHash;0,2.000000,2,5858816,0.0668988,5.25005,0.45032
m,h,500000,BBHash;0,2.000000,3,5858816,0.0670107,5.24828,0.450389
m,h,500000,BBHash;0,2.000000,4,5858816,0.065455,5.25385,0.45023
m,h,500000,PTHash;dictionary-dictionary;1,8;0.98,0,5945872,0.114933,2.10647,0.197689
m,h,500000,PTHash;dictionary-dictionary;1,8;0.98,1,5945872,0.114606,2.10167,0.196351
m,h,500000,PTHash;dictionary-dictionary;1,8;0.98,2,5945616,0.115624,2.10089,0.197697
m,h,500000,PTHash;dictionary-dictionary;1,8;0.98,3,5945616,0.115287,2.10128,0.196594
m,h,500000,PTHash;dictionary-dictionary;1,8;0.98,4,5945424,0.114922,2.10373,0.196191
m,h,500000,DuckDB,,0,0,0,5.22023,0
m,h,500000,DuckDB,,1,0,0,5.24762,0
m,h,500000,DuckDB,,2,0,0,5.27324,0
m,h,500000,DuckDB,,3,0,0,5.27011,0
m,h,500000,DuckDB,,4,0,0,5.26452,0
m,m,1000000,AceHash;1;1;1;0,2.5;1,0,67475408,0.0667417,1.17878,0.120773
m,m,1000000,AceHash;1;1;1;0,2.5;1,1,67475408,0.0648722,1.1774,0.121676
m,m,1000000,AceHash;1;1;1;0,2.5;1,2,67475408,0.0651873,1.18188,0.12154
m,m,1000000,AceHash;1;1;1;0,2.5;1,3,67475408,0.0654094,1.17835,0.121555
m,m,1000000,AceHash;1;1;1;0,2.5;1,4,67475408,0.0649775,1.18041,0.121735
m,m,1000000,std::unordered_map,,0,0,0.0895232,7.90334,0.629621
m,m,1000000,std::unordered_map,,1,0,0.0916821,7.90594,0.627982
m,m,1000000,std::unordered_map,,2,0,0.0909261,7.89926,0.628943
m,m,1000000,std::unordered_map,,3,0,0.0916613,7.90188,0.628452
m,m,1000000,std::unordered_map,,4,0,0.0905138,7.85231,0.628784
m,m,1000000,absl::flat_hash_map,,0,0,0.0621527,2.38746,0.249162
m,m,1000000,absl::flat_hash_map,,1,0,0.0618211,2.38811,0.24913
m,m,1000000,absl::flat_hash_map,,2,0,0.0619065,2.38751,0.2489
m,m,1000000,absl::flat_hash_map,,3,0,0.0618319,2.38436,0.249435
m,m,1000000,absl::flat_hash_map,,4,0,0.0616978,2.37971,0.248851
m,m,1000000,BBHash;0,2.000000,0,67713664,0.133952,5.85704,0.490545
m,m,1000000,BBHash;0,2.000000,1,67713664,0.1355,5.84256,0.491021
m,m,1000000,BBHash;0,2.000000,2,67713664,0.134745,5.84294,0.490456
m,m,1000000,BBHash;0,2.000000,3,67713664,0.134364,5.86852,0.489726
m,m,1000000,BBHash;0,2.000000,4,67713664,0.135243,5.866,0.490417
m,m,1000000,PTHash;dictionary-dictionary;1,8;0.98,0,68970976,0.245052,2.59008,0.228224
m,m,1000000,PTHash;dictionary-dictionary;1,8;0.98,1,68971104,0.245142,2.58822,0.228108
m,m,1000000,PTHash;dictionary-dictionary;1,8;0.98,2,68971040,0.24483,2.59003,0.228165
m,m,1000000,PTHash;dictionary-dictionary;1,8;0.98,3,68970912,0.245392,2.59112,0.22844
m,m,1000000,PTHash;dictionary-dictionary;1,8;0.98,4,68970976,0.246976,2.59274,0.228634
m,m,1000000,DuckDB,,0,0,0,6.95913,0
m,m,1000000,DuckDB,,1,0,0,6.95132,0
m,m,1000000,DuckDB,,2,0,0,6.9324,0
m,m,1000000,DuckDB,,3,0,0,6.97424,0
m,m,1000000,DuckDB,,4,0,0,6.99881,0
m,h,1000000,AceHash;1;1;1;0,2.5;1,0,11481456,0.0638451,0.961533,0.101568
m,h,1000000,AceHash;1;1;1;0,2.5;1,1,11481456,0.0638382,0.970963,0.101526
m,h,1000000,AceHash;1;1;1;0,2.5;1,2,11481456,0.0636798,0.969692,0.10144
m,h,1000000,AceHash;1;1;1;0,2.5;1,3,11481456,0.0637149,0.972856,0.101525
m,h,1000000,AceHash;1;1;1;0,2.5;1,4,11481456,0.0637012,0.974079,0.101631
m,h,1000000,std::unordered_map,,0,0,0.074749,8.46818,0.649351
m,h,1000000,std::unordered_map,,1,0,0.0808869,8.47112,0.647549
m,h,1000000,std::unordered_map,,2,0,0.0804473,8.45833,0.648243
m,h,1000000,std::unordered_map,,3,0,0.0804827,8.4504,0.647476
m,h,1000000,std::unordered_map,,4,0,0.0799694,8.4616,0.648062
m,h,1000000,absl::flat_hash_map,,0,0,0.062405,2.62411,0.243023
m,h,1000000,absl::flat_hash_map,,1,0,0.0621502,2.61388,0.243245
m,h,1000000,absl::flat_hash_map,,2,0,0.061856,2.61314,0.243149
m,h,1000000,absl::flat_hash_map,,3,0,0.0618745,2.61789,0.243123
m,h,1000000,absl::flat_hash_map,,4,0,0.0619496,2.61168,0.242775
m,h,1000000,BBHash;0,2.000000,0,11713664,0.136267,5.51256,0.462899
m,h,1000000,BBHash;0,2.000000,1,11713664,0.132886,5.50899,0.463364
m,h,1000000,BBHash;0,2.000000,2,11713664,0.133156,5.50056,0.463974
m,h,1000000,BBHash;0,2.000000,3,11713664,0.133414,5.49918,0.463892
m,h,1000000,BBHash;0,2.000000,4,11713664,0.132058,5.49517,0.463228
m,h,1000000,PTHash;dictionary-dictionary;1,8;0.98,0,11828192,0.242982,2.31745,0.21467
m,h,1000000,PTHash;dictionary-dictionary;1,8;0.98,1,11828192,0.243548,2.30036,0.211562
m,h,1000000,PTHash;dictionary-dictionary;1,8;0.98,2,11828064,0.242201,2.31426,0.213304
m,h,1000000,PTHash;dictionary-dictionary;1,8;0.98,3,11828256,0.243122,2.30551,0.212166
m,h,1000000,PTHash;dictionary-dictionary;1,8;0.98,4,11828256,0.242291,2.31538,0.212032
m,h,1000000,DuckDB,,0,0,0,6.24477,0
m,h,1000000,DuckDB,,1,0,0,6.30335,0
m,h,1000000,DuckDB,,2,0,0,6.27726,0
m,h,1000000,DuckDB,,3,0,0,6.27035,0
m,h,1000000,DuckDB,,4,0,0,6.27172,0
m,m,2000000,AceHash;1;1;1;0,2.5;1,0,134951312,0.148936,1.58491,0.151728
m,m,2000000,AceHash;1;1;1;0,2.5;1,1,134951312,0.147912,1.58268,0.151603
m,m,2000000,AceHash;1;1;1;0,2.5;1,2,134951312,0.14796,1.58817,0.151431
m,m,2000000,AceHash;1;1;1;0,2.5;1,3,134951312,0.147902,1.58429,0.151308
m,m,2000000,AceHash;1;1;1;0,2.5;1,4,134951312,0.148724,1.58807,0.15189
m,m,2000000,std::unordered_map,,0,0,0.220285,8.93784,0.746867
m,m,2000000,std::unordered_map,,1,0,0.217817,8.90121,0.747656
m,m,2000000,std::unordered_map,,2,0,0.215779,8.9912,0.749391
m,m,2000000,std::unordered_map,,3,0,0.220971,8.95792,0.746794
m,m,2000000,std::unordered_map,,4,0,0.215729,8.93941,0.748027
m,m,2000000,absl::flat_hash_map,,0,0,0.170064,2.71509,0.294631
m,m,2000000,absl::flat_hash_map,,1,0,0.170334,2.73535,0.294863
m,m,2000000,absl::flat_hash_map,,2,0,0.170177,2.72523,0.295085
m,m,2000000,absl::flat_hash_map,,3,0,0.169846,2.72306,0.294421
m,m,2000000,absl::flat_hash_map,,4,0,0.169579,2.717,0.294623
m,m,2000000,BBHash;0,2.000000,0,135423296,0.294849,7.05902,0.561767
m,m,2000000,BBHash;0,2.000000,1,135423296,0.29717,7.136,0.560532
m,m,2000000,BBHash;0,2.000000,2,135423296,0.295358,7.08153,0.560819
m,m,2000000,BBHash;0,2.000000,3,135423296,0.295679,7.07493,0.561048
m,m,2000000,BBHash;0,2.000000,4,135423296,0.294523,7.06796,0.560806
m,m,2000000,PTHash;dictionary-dictionary;1,8;0.98,0,137601600,0.525953,3.10055,0.273652
m,m,2000000,PTHash;dictionary-dictionary;1,8;0.98,1,137601536,0.525114,3.09453,0.273571
m,m,2000000,PTHash;dictionary-dictionary;1,8;0.98,2,137601728,0.526928,3.10229,0.274145
m,m,2000000,PTHash;dictionary-dictionary;1,8;0.98,3,137601536,0.525387,3.09611,0.273641
m,m,2000000,PTHash;dictionary-dictionary;1,8;0.98,4,137601792,0.524878,3.09602,0.273517
m,m,2000000,DuckDB,,0,0,0,7.6237,0
m,m,2000000,DuckDB,,1,0,0,7.6367,0
m,m,2000000,DuckDB,,2,0,0,7.6548,0
m,m,2000000,DuckDB,,3,0,0,7.67688,0
m,m,2000000,DuckDB,,4,0,0,7.63915,0
m,h,2000000,AceHash;1;1;1;0,2.5;1,0,22942816,0.136409,1.03059,0.109377
m,h,2000000,AceHash;1;1;1;0,2.5;1,1,22942816,0.136057,1.04173,0.110016
m,h,2000000,AceHash;1;1;1;0,2.5;1,2,22942816,0.136163,1.0418,0.109509
m,h,2000000,AceHash;1;1;1;0,2.5;1,3,22942816,0.136341,1.04399,0.109561
m,h,2000000,AceHash;1;1;1;0,2.5;1,4,22942816,0.135965,1.05127,0.109482
m,h,2000000,std::unordered_map,,0,0,0.186613,9.34191,0.771106
m,h,2000000,std::unordered_map,,1,0,0.191111,9.35383,0.770868
m,h,2000000,std::unordered_map,,2,0,0.190888,9.33938,0.770603
m,h,2000000,std::unordered_map,,3,0,0.191113,9.32667,0.770819
m,h,2000000,std::unordered_map,,4,0,0.190871,9.33537,0.771354
m,h,2000000,absl::flat_hash_map,,0,0,0.17041,2.91095,0.288409
m,h,2000000,absl::flat_hash_map,,1,0,0.168929,2.89001,0.288546
m,h,2000000,absl::flat_hash_map,,2,0,0.169069,2.90313,0.288153
m,h,2000000,absl::flat_hash_map,,3,0,0.168923,2.89075,0.288146
m,h,2000000,absl::flat_hash_map,,4,0,0.169159,2.90537,0.288262
m,h,2000000,BBHash;0,2.000000,0,23423296,0.293522,6.37631,0.508912
m,h,2000000,BBHash;0,2.000000,1,23423296,0.289425,6.37599,0.509443
m,h,2000000,BBHash;0,2.000000,2,23423296,0.296395,6.44147,0.509154
m,h,2000000,BBHash;0,2.000000,3,23423296,0.29187,6.41106,0.509179
m,h,2000000,BBHash;0,2.000000,4,23423296,0.289518,6.35942,0.508978
m,h,2000000,PTHash;dictionary-dictionary;1,8;0.98,0,23315840,0.519749,2.54825,0.228546
m,h,2000000,PTHash;dictionary-dictionary;1,8;0.98,1,23315776,0.514691,2.55212,0.228638
m,h,2000000,PTHash;dictionary-dictionary;1,8;0.98,2,23315968,0.519332,2.54905,0.228395
m,h,2000000,PTHash;dictionary-dictionary;1,8;0.98,3,23315712,0.521139,2.54867,0.22859
m,h,2000000,PTHash;dictionary-dictionary;1,8;0.98,4,23316032,0.516188,2.55155,0.22853
m,h,2000000,DuckDB,,0,0,0,7.0829,0
m,h,2000000,DuckDB,,1,0,0,7.04925,0
m,h,2000000,DuckDB,,2,0,0,7.07594,0
m,h,2000000,DuckDB,,3,0,0,7.09764,0
m,h,2000000,DuckDB,,4,0,0,7.09629,0
m,m,5000000,AceHash;1;1;1;0,2.5;1,0,337364440,0.449099,2.01999,0.203701
m,m,5000000,AceHash;1;1;1;0,2.5;1,1,337364440,0.473971,2.02318,0.20392
m,m,5000000,AceHash;1;1;1;0,2.5;1,2,337364440,0.526965,2.02321,0.203728
m,m,5000000,AceHash;1;1;1;0,2.5;1,3,337364440,0.518372,2.02298,0.203725
m,m,5000000,AceHash;1;1;1;0,2.5;1,4,337364440,0.518223,2.02734,0.203777
m,m,5000000,std::unordered_map,,0,0,0.704999,9.93001,0.860557
m,m,5000000,std::unordered_map,,1,0,0.679497,9.90186,0.860994
m,m,5000000,std::unordered_map,,2,0,0.612481,9.94852,0.85929
m,m,5000000,std::unordered_map,,3,0,0.610328,9.93945,0.859361
m,m,5000000,std::unordered_map,,4,0,0.610338,9.90815,0.859703
m,m,5000000,absl::flat_hash_map,,0,0,0.49257,3.34258,0.33113
m,m,5000000,absl::flat_hash_map,,1,0,0.489518,3.33721,0.331241
m,m,5000000,absl::flat_hash_map,,2,0,0.488322,3.33209,0.33124
m,m,5000000,absl::flat_hash_map,,3,0,0.488114,3.33847,0.331177
m,m,5000000,absl::flat_hash_map,,4,0,0.488524,3.32824,0.331266
m,m,5000000,BBHash;0,2.000000,0,338552064,0.854351,8.63841,0.654606
m,m,5000000,BBHash;0,2.000000,1,338552064,0.85069,8.80021,0.654885
m,m,5000000,BBHash;0,2.000000,2,338552064,0.860967,8.69637,0.65425
m,m,5000000,BBHash;0,2.000000,3,338552064,0.845126,8.64415,0.654433
m,m,5000000,BBHash;0,2.000000,4,338552064,0.849227,8.65264,0.655364
m,m,5000000,PTHash;dictionary-dictionary;1,8;0.98,0,344264144,1.6135,3.74514,0.329982
m,m,5000000,PTHash;dictionary-dictionary;1,8;0.98,1,344264016,1.62291,3.73864,0.330264
m,m,5000000,PTHash;dictionary-dictionary;1,8;0.98,2,344263504,1.60648,3.74291,0.329504
m,m,5000000,PTHash;dictionary-dictionary;1,8;0.98,3,344263376,1.61647,3.74106,0.329816
m,m,5000000,PTHash;dictionary-dictionary;1,8;0.98,4,344263376,1.60661,3.74242,0.330474
m,m,5000000,DuckDB,,0,0,0,8.26136,0
m,m,5000000,DuckDB,,1,0,0,8.28509,0
m,m,5000000,DuckDB,,2,0,0,8.30908,0
m,m,5000000,DuckDB,,3,0,0,8.35522,0
m,m,5000000,DuckDB,,4,0,0,8.35196,0
m,h,5000000,AceHash;1;1;1;0,2.5;1,0,57370064,0.438719,1.14931,0.132676
m,h,5000000,AceHash;1;1;1;0,2.5;1,1,57370064,0.430735,1.15173,0.132543
m,h,5000000,AceHash;1;1;1;0,2.5;1,2,57370064,0.436813,1.16215,0.13272
m,h,5000000,AceHash;1;1;1;0,2.5;1,3,57370064,0.46004,1.17248,0.133435
m,h,5000000,AceHash;1;1;1;0,2.5;1,4,57370064,0.453936,1.17234,0.133716
m,h,5000000,std::unordered_map,,0,0,0.650193,10.4018,0.890067
m,h,5000000,std::unordered_map,,1,0,0.61304,10.3737,0.889668
m,h,5000000,std::unordered_map,,2,0,0.550273,10.3839,0.890174
m,h,5000000,std::unordered_map,,3,0,0.549403,10.4031,0.890171
m,h,5000000,std::unordered_map,,4,0,0.550501,10.3774,0.889689
m,h,5000000,absl::flat_hash_map,,0,0,0.571206,3.53292,0.323361
m,h,5000000,absl::flat_hash_map,,1,0,0.573715,3.56544,0.325026
m,h,5000000,absl::flat_hash_map,,2,0,0.570099,3.5323,0.323072
m,h,5000000,absl::flat_hash_map,,3,0,0.571578,3.5325,0.324211
m,h,5000000,absl::flat_hash_map,,4,0,0.57163,3.53186,0.324111
m,h,5000000,BBHash;0,2.000000,0,58552064,0.828464,7.64542,0.593242
m,h,5000000,BBHash;0,2.000000,1,58552064,0.834901,7.77144,0.591904
m,h,5000000,BBHash;0,2.000000,2,58552064,0.830601,7.69792,0.591939
m,h,5000000,BBHash;0,2.000000,3,58552064,0.826459,7.59929,0.592018
m,h,5000000,BBHash;0,2.000000,4,58552064,0.828805,7.59557,0.592695
m,h,5000000,PTHash;dictionary-dictionary;1,8;0.98,0,58549200,1.5106,2.85767,0.26469
m,h,5000000,PTHash;dictionary-dictionary;1,8;0.98,1,58549264,1.50569,2.85795,0.264539
m,h,5000000,PTHash;dictionary-dictionary;1,8;0.98,2,58549840,1.51102,2.85762,0.264756
m,h,5000000,PTHash;dictionary-dictionary;1,8;0.98,3,58549264,1.50755,2.87465,0.265148
m,h,5000000,PTHash;dictionary-dictionary;1,8;0.98,4,58549008,1.50424,2.85752,0.264581
m,h,5000000,DuckDB,,0,0,0,7.69772,0
m,h,5000000,DuckDB,,1,0,0,7.77827,0
m,h,5000000,DuckDB,,2,0,0,7.77027,0
m,h,5000000,DuckDB,,3,0,0,7.73489,0
m,h,5000000,DuckDB,,4,0,0,7.73975,0
m,m,10000000,AceHash;1;1;1;0,2.5;1,0,674731256,1.12866,2.25433,0.234432
m,m,10000000,AceHash;1;1;1;0,2.5;1,1,674731256,1.13174,2.25241,0.23433
m,m,10000000,AceHash;1;1;1;0,2.5;1,2,674731256,1.12956,2.26455,0.234479
m,m,10000000,AceHash;1;1;1;0,2.5;1,3,674731256,1.1297,2.26682,0.234242
m,m,10000000,AceHash;1;1;1;0,2.5;1,4,674731256,1.13298,2.2648,0.23418
m,m,10000000,std::unordered_map,,0,0,1.38336,10.3683,0.907096
m,m,10000000,std::unordered_map,,1,0,1.29772,10.3303,0.907347
m,m,10000000,std::unordered_map,,2,0,1.29795,10.3026,0.907908
m,m,10000000,std::unordered_map,,3,0,1.29798,10.3534,0.91117
m,m,10000000,std::unordered_map,,4,0,1.29713,10.3246,0.907015
m,m,10000000,absl::flat_hash_map,,0,0,1.27156,4.00833,0.401201
m,m,10000000,absl::flat_hash_map,,1,0,1.26418,3.9895,0.401337
m,m,10000000,absl::flat_hash_map,,2,0,1.26448,3.98653,0.401307
m,m,10000000,absl::flat_hash_map,,3,0,1.26408,3.99119,0.401495
m,m,10000000,absl::flat_hash_map,,4,0,1.26334,3.98177,0.401605
m,m,10000000,BBHash;0,2.000000,0,677100160,1.84007,9.39764,0.707328
m,m,10000000,BBHash;0,2.000000,1,677100160,1.85635,9.40323,0.70852
m,m,10000000,BBHash;0,2.000000,2,677100160,1.8501,9.58583,0.707733
m,m,10000000,BBHash;0,2.000000,3,677100160,1.88174,9.43354,0.704132
m,m,10000000,BBHash;0,2.000000,4,677100160,1.88211,9.377,0.704947
m,m,10000000,PTHash;dictionary-dictionary;1,8;0.98,0,688097248,3.74635,4.15992,0.358805
m,m,10000000,PTHash;dictionary-dictionary;1,8;0.98,1,688096608,3.74484,4.16363,0.359274
m,m,10000000,PTHash;dictionary-dictionary;1,8;0.98,2,688097248,3.72264,4.15941,0.358699
m,m,10000000,PTHash;dictionary-dictionary;1,8;0.98,3,688097440,3.73522,4.16105,0.358949
m,m,10000000,PTHash;dictionary-dictionary;1,8;0.98,4,688097440,3.72326,4.16553,0.359505
m,m,10000000,DuckDB,,0,0,0,9.81312,0
m,m,10000000,DuckDB,,1,0,0,9.80989,0
m,m,10000000,DuckDB,,2,0,0,9.78971,0
m,m,10000000,DuckDB,,3,0,0,9.79739,0
m,m,10000000,DuckDB,,4,0,0,9.82473,0
m,h,10000000,AceHash;1;1;1;0,2.5;1,0,114759808,1.11601,1.69784,0.171146
m,h,10000000,AceHash;1;1;1;0,2.5;1,1,114759808,1.11882,1.69605,0.170816
m,h,10000000,AceHash;1;1;1;0,2.5;1,2,114759808,1.11914,1.69643,0.171077
m,h,10000000,AceHash;1;1;1;0,2.5;1,3,114759808,1.11844,1.69702,0.171275
m,h,10000000,AceHash;1;1;1;0,2.5;1,4,114759808,1.11924,1.69619,0.171047
m,h,10000000,std::unordered_map,,0,0,1.26945,10.8208,0.94068
m,h,10000000,std::unordered_map,,1,0,1.16471,10.7775,0.943169
m,h,10000000,std::unordered_map,,2,0,1.17035,10.8302,0.942018
m,h,10000000,std::unordered_map,,3,0,1.16931,10.8253,0.941714
m,h,10000000,std::unordered_map,,4,0,1.16552,10.8119,0.941818
m,h,10000000,absl::flat_hash_map,,0,0,1.26315,4.26874,0.395998
m,h,10000000,absl::flat_hash_map,,1,0,1.25601,4.2613,0.396165
m,h,10000000,absl::flat_hash_map,,2,0,1.25604,4.26965,0.396315
m,h,10000000,absl::flat_hash_map,,3,0,1.25551,4.27134,0.396142
m,h,10000000,absl::flat_hash_map,,4,0,1.25579,4.26631,0.395949
m,h,10000000,BBHash;0,2.000000,0,117100160,1.78817,8.68036,0.664287
m,h,10000000,BBHash;0,2.000000,1,117100160,1.8008,8.69489,0.664317
m,h,10000000,BBHash;0,2.000000,2,117100160,1.80702,8.6863,0.664958
m,h,10000000,BBHash;0,2.000000,3,117100160,1.82698,8.84647,0.664641
m,h,10000000,BBHash;0,2.000000,4,117100160,1.8059,8.74547,0.664268
m,h,10000000,PTHash;dictionary-dictionary;1,8;0.98,0,116668840,3.42413,3.57364,0.314669
m,h,10000000,PTHash;dictionary-dictionary;1,8;0.98,1,116668968,3.43005,3.57566,0.315036
m,h,10000000,PTHash;dictionary-dictionary;1,8;0.98,2,116668008,3.42723,3.58541,0.31494
m,h,10000000,PTHash;dictionary-dictionary;1,8;0.98,3,115635880,3.41695,3.54764,0.312543
m,h,10000000,PTHash;dictionary-dictionary;1,8;0.98,4,116668904,3.43213,3.58434,0.314935
m,h,10000000,DuckDB,,0,0,0,9.25033,0
m,h,10000000,DuckDB,,1,0,0,9.28178,0
m,h,10000000,DuckDB,,2,0,0,9.27055,0
m,h,10000000,DuckDB,,3,0,0,9.2995,0
m,h,10000000,DuckDB,,4,0,0,9.28691,0
m,m,20000000,AceHash;1;1;1;0,2.5;1,0,1349479240,2.77279,2.81379,0.262558
m,m,20000000,AceHash;1;1;1;0,2.5;1,1,1349479240,2.77587,2.81126,0.26251
m,m,20000000,AceHash;1;1;1;0,2.5;1,2,1349479240,2.77414,2.81224,0.262745
m,m,20000000,AceHash;1;1;1;0,2.5;1,3,1349479240,2.77231,2.81268,0.262805
m,m,20000000,AceHash;1;1;1;0,2.5;1,4,1349479240,2.779,2.81642,0.262495
m,m,20000000,std::unordered_map,,0,0,2.86965,10.5841,0.94284
m,m,20000000,std::unordered_map,,1,0,2.71375,10.5606,0.941216
m,m,20000000,std::unordered_map,,2,0,2.71331,10.5597,0.94139
m,m,20000000,std::unordered_map,,3,0,2.71224,10.6082,0.940926
m,m,20000000,std::unordered_map,,4,0,2.71359,10.5347,0.940691
m,m,20000000,absl::flat_hash_map,,0,0,2.92824,4.36004,0.47282
m,m,20000000,absl::flat_hash_map,,1,0,2.92391,4.35632,0.472492
m,m,20000000,absl::flat_hash_map,,2,0,2.9261,4.34685,0.472814
m,m,20000000,absl::flat_hash_map,,3,0,2.92793,4.35548,0.47269
m,m,20000000,absl::flat_hash_map,,4,0,2.92765,4.3509,0.473183
m,m,20000000,BBHash;0,2.000000,0,1354196480,4.2052,11.2394,0.779871
m,m,20000000,BBHash;0,2.000000,1,1354196480,4.1661,11.1061,0.780659
m,m,20000000,BBHash;0,2.000000,2,1354196480,4.3172,11.1059,0.769144
m,m,20000000,BBHash;0,2.000000,3,1354196480,4.30181,11.1165,0.769128
m,m,20000000,BBHash;0,2.000000,4,1354196480,4.47053,11.3486,0.76936
m,m,20000000,PTHash;dictionary-dictionary;1,8;0.98,0,1373431808,8.8809,5.15931,0.388648
m,m,20000000,PTHash;dictionary-dictionary;1,8;0.98,1,1373432064,8.86798,5.1487,0.389385
m,m,20000000,PTHash;dictionary-dictionary;1,8;0.98,2,1373431872,8.83413,5.15608,0.389454
m,m,20000000,PTHash;dictionary-dictionary;1,8;0.98,3,1373432128,8.82384,5.13101,0.387606
m,m,20000000,PTHash;dictionary-dictionary;1,8;0.98,4,1373432000,8.813,5.11825,0.387588
m,m,20000000,DuckDB,,0,0,0,12.372,0
m,m,20000000,DuckDB,,1,0,0,12.2439,0
m,m,20000000,DuckDB,,2,0,0,12.3651,0
m,m,20000000,DuckDB,,3,0,0,12.3968,0
m,m,20000000,DuckDB,,4,0,0,12.3769,0
m,h,20000000,AceHash;1;1;1;0,2.5;1,0,229497208,2.77404,2.35664,0.222679
m,h,20000000,AceHash;1;1;1;0,2.5;1,1,229497208,2.76982,2.35647,0.222916
m,h,20000000,AceHash;1;1;1;0,2.5;1,2,229497208,2.76847,2.35439,0.222756
m,h,20000000,AceHash;1;1;1;0,2.5;1,3,229497208,2.76912,2.35787,0.222717
m,h,20000000,AceHash;1;1;1;0,2.5;1,4,229497208,2.76853,2.35438,0.222649
m,h,20000000,std::unordered_map,,0,0,2.64843,11.4658,0.976215
m,h,20000000,std::unordered_map,,1,0,2.51358,11.4453,0.977319
m,h,20000000,std::unordered_map,,2,0,2.51415,11.4592,0.977076
m,h,20000000,std::unordered_map,,3,0,2.51337,11.4602,0.977321
m,h,20000000,std::unordered_map,,4,0,2.51364,11.4637,0.977644
m,h,20000000,absl::flat_hash_map,,0,0,2.94339,4.76106,0.463656
m,h,20000000,absl::flat_hash_map,,1,0,2.93812,4.75536,0.463413
m,h,20000000,absl::flat_hash_map,,2,0,2.93621,4.75521,0.463359
m,h,20000000,absl::flat_hash_map,,3,0,2.93681,4.75396,0.463404
m,h,20000000,absl::flat_hash_map,,4,0,2.93681,4.75442,0.463421
m,h,20000000,BBHash;0,2.000000,0,234196480,4.21303,10.495,0.727924
m,h,20000000,BBHash;0,2.000000,1,234196480,4.1641,10.3514,0.727688
m,h,20000000,BBHash;0,2.000000,2,234196480,4.14184,10.3076,0.727563
m,h,20000000,BBHash;0,2.000000,3,234196480,4.1494,10.3237,0.72763
m,h,20000000,BBHash;0,2.000000,4,234196480,4.17121,10.3091,0.728051
m,h,20000000,PTHash;dictionary-dictionary;1,8;0.98,0,230574744,8.38463,4.7481,0.391545
m,h,20000000,PTHash;dictionary-dictionary;1,8;0.98,1,230574872,8.3965,4.74233,0.391514
m,h,20000000,PTHash;dictionary-dictionary;1,8;0.98,2,230574872,8.41893,4.74584,0.391182
m,h,20000000,PTHash;dictionary-dictionary;1,8;0.98,3,230574936,8.40783,4.74453,0.391625
m,h,20000000,PTHash;dictionary-dictionary;1,8;0.98,4,230574872,8.42275,4.7469,0.390994
m,h,20000000,DuckDB,,0,0,0,11.6437,0
m,h,20000000,DuckDB,,1,0,0,11.653,0
m,h,20000000,DuckDB,,2,0,0,11.6695,0
m,h,20000000,DuckDB,,3,0,0,11.6733,0
m,h,20000000,DuckDB,,4,0,0,11.6885,0
m,m,50000000,AceHash;1;1;1;0,2.5;1,0,3373708488,9.8931,3.37439,0.328405
m,m,50000000,AceHash;1;1;1;0,2.5;1,1,3373708488,9.88213,3.36953,0.328223
m,m,50000000,AceHash;1;1;1;0,2.5;1,2,3373708488,9.88648,3.3726,0.328452
m,m,50000000,AceHash;1;1;1;0,2.5;1,3,3373708488,9.8858,3.37073,0.327984
m,m,50000000,AceHash;1;1;1;0,2.5;1,4,3373708488,9.88992,3.37526,0.328185
m,m,50000000,std::unordered_map,,0,0,7.89455,10.8857,0.967269
m,m,50000000,std::unordered_map,,1,0,7.73721,10.8858,0.96503
m,m,50000000,std::unordered_map,,2,0,7.12871,10.8465,0.966301
m,m,50000000,std::unordered_map,,3,0,7.12931,10.834,0.966251
m,m,50000000,std::unordered_map,,4,0,7.13314,10.8007,0.964498
m,m,50000000,absl::flat_hash_map,,0,0,8.55128,4.67014,0.512923
m,m,50000000,absl::flat_hash_map,,1,0,8.54583,4.63995,0.513059
m,m,50000000,absl::flat_hash_map,,2,0,8.54914,4.65473,0.51329
m,m,50000000,absl::flat_hash_map,,3,0,8.56024,4.66839,0.513809
m,m,50000000,absl::flat_hash_map,,4,0,8.54717,4.64565,0.513007
m,m,50000000,BBHash;0,2.000000,0,3385484992,16.4486,16.6279,1.0928
m,m,50000000,BBHash;0,2.000000,1,3385484992,16.4836,16.6782,1.09274
m,m,50000000,BBHash;0,2.000000,2,3385484992,16.7652,16.6751,1.0931
m,m,50000000,BBHash;0,2.000000,3,3385484992,16.671,16.6702,1.09326
m,m,50000000,BBHash;0,2.000000,4,3385484992,16.7281,16.9906,1.09273
m,m,50000000,PTHash;dictionary-dictionary;1,8;0.98,0,3436239680,26.9237,6.73601,0.502149
m,m,50000000,PTHash;dictionary-dictionary;1,8;0.98,1,3436241216,26.9554,6.73691,0.502243
m,m,50000000,PTHash;dictionary-dictionary;1,8;0.98,2,3436240192,26.8677,6.75681,0.502561
m,m,50000000,PTHash;dictionary-dictionary;1,8;0.98,3,3436240000,26.7764,6.7311,0.501761
m,m,50000000,PTHash;dictionary-dictionary;1,8;0.98,4,3436239616,26.897,6.73605,0.503183
m,m,50000000,DuckDB,,0,0,0,19.1416,0
m,m,50000000,DuckDB,,1,0,0,18.7726,0
m,m,50000000,DuckDB,,2,0,0,18.6677,0
m,m,50000000,DuckDB,,3,0,0,18.6585,0
m,m,50000000,DuckDB,,4,0,0,18.8988,0
m,h,50000000,AceHash;1;1;1;0,2.5;1,0,573721376,9.10272,2.80274,0.278353
m,h,50000000,AceHash;1;1;1;0,2.5;1,1,573721376,9.10472,2.802,0.278112
m,h,50000000,AceHash;1;1;1;0,2.5;1,2,573721376,9.1141,2.80314,0.278129
m,h,50000000,AceHash;1;1;1;0,2.5;1,3,573721376,9.10382,2.8037,0.278175
m,h,50000000,AceHash;1;1;1;0,2.5;1,4,573721376,9.10057,2.80311,0.278251
m,h,50000000,std::unordered_map,,0,0,7.26974,11.6661,1.00505
m,h,50000000,std::unordered_map,,1,0,6.60687,11.6292,1.0041
m,h,50000000,std::unordered_map,,2,0,6.60783,11.6941,1.00379
m,h,50000000,std::unordered_map,,3,0,6.60579,11.6866,1.00405
m,h,50000000,std::unordered_map,,4,0,6.60812,11.676,1.0037
m,h,50000000,absl::flat_hash_map,,0,0,7.98127,5.04379,0.502737
m,h,50000000,absl::flat_hash_map,,1,0,7.97545,5.05259,0.50275
m,h,50000000,absl::flat_hash_map,,2,0,7.98344,5.04537,0.502582
m,h,50000000,absl::flat_hash_map,,3,0,7.98125,5.04711,0.502767
m,h,50000000,absl::flat_hash_map,,4,0,7.98081,5.0517,0.50272
m,h,50000000,BBHash;0,2.000000,0,585484992,16.1181,16.2474,1.06373
m,h,50000000,BBHash;0,2.000000,1,585484992,16.1261,16.4092,1.06404
m,h,50000000,BBHash;0,2.000000,2,585484992,16.4514,16.0521,1.04564
m,h,50000000,BBHash;0,2.000000,3,585484992,16.4102,16.3137,1.04679
m,h,50000000,BBHash;0,2.000000,4,585484992,16.4532,16.3066,1.0452
m,h,50000000,PTHash;dictionary-dictionary;1,8;0.98,0,579097216,26.4645,6.23363,0.487051
m,h,50000000,PTHash;dictionary-dictionary;1,8;0.98,1,579097216,26.4164,6.23097,0.487337
m,h,50000000,PTHash;dictionary-dictionary;1,8;0.98,2,579097344,26.3429,6.22823,0.487234
m,h,50000000,PTHash;dictionary-dictionary;1,8;0.98,3,579096896,26.3439,6.23593,0.487475
m,h,50000000,PTHash;dictionary-dictionary;1,8;0.98,4,579097216,26.3154,6.22701,0.487485
m,h,50000000,DuckDB,,0,0,0,18.5105,0
m,h,50000000,DuckDB,,1,0,0,18.088,0
m,h,50000000,DuckDB,,2,0,0,18.1405,0
m,h,50000000,DuckDB,,3,0,0,18.4033,0
m,h,50000000,DuckDB,,4,0,0,18.3396,0
m,m,100000000,AceHash;1;1;1;0,2.5;1,0,6747467392,24.5789,3.68343,0.370049
m,m,100000000,AceHash;1;1;1;0,2.5;1,1,6747467392,24.5693,3.68242,0.369979
m,m,100000000,AceHash;1;1;1;0,2.5;1,2,6747467392,24.57,3.68337,0.369934
m,m,100000000,AceHash;1;1;1;0,2.5;1,3,6747467392,24.5648,3.68294,0.369946
m,m,100000000,AceHash;1;1;1;0,2.5;1,4,6747467392,24.5694,3.68251,0.369832
m,m,100000000,std::unordered_map,,0,0,16.1493,11.9449,1.00045
m,m,100000000,std::unordered_map,,1,0,15.7744,11.9354,0.999372
m,m,100000000,std::unordered_map,,2,0,14.5482,11.9145,1.00118
m,m,100000000,std::unordered_map,,3,0,14.5469,11.9361,0.99984
m,m,100000000,std::unordered_map,,4,0,14.5473,11.9175,1.00021
m,m,100000000,absl::flat_hash_map,,0,0,17.2483,5.07294,0.538687
m,m,100000000,absl::flat_hash_map,,1,0,17.2509,5.07189,0.538748
m,m,100000000,absl::flat_hash_map,,2,0,17.2462,5.07251,0.538986
m,m,100000000,absl::flat_hash_map,,3,0,17.2462,5.07288,0.540336
m,m,100000000,absl::flat_hash_map,,4,0,17.2511,5.0729,0.538687
m,m,100000000,BBHash;0,2.000000,0,6770966080,41.8356,20.8058,1.34774
m,m,100000000,BBHash;0,2.000000,1,6770966080,41.433,20.2716,1.34727
m,m,100000000,BBHash;0,2.000000,2,6770966080,41.632,20.2736,1.34706
m,m,100000000,BBHash;0,2.000000,3,6770966080,41.8372,20.2749,1.34754
m,m,100000000,BBHash;0,2.000000,4,6770966080,41.7134,20.2799,1.34773
m,m,100000000,PTHash;dictionary-dictionary;1,8;0.98,0,6860223040,65.8135,7.65283,0.593456
m,m,100000000,PTHash;dictionary-dictionary;1,8;0.98,1,6860223360,65.2933,7.66,0.595831
m,m,100000000,PTHash;dictionary-dictionary;1,8;0.98,2,6860224448,65.3763,7.66819,0.595679
m,m,100000000,PTHash;dictionary-dictionary;1,8;0.98,3,6860223232,65.4321,7.65758,0.595184
m,m,100000000,PTHash;dictionary-dictionary;1,8;0.98,4,6860223296,65.6055,7.65654,0.594335
m,m,100000000,DuckDB,,0,0,0,30.8587,0
m,m,100000000,DuckDB,,1,0,0,30.4377,0
m,m,100000000,DuckDB,,2,0,0,30.442,0
m,m,100000000,DuckDB,,3,0,0,30.7829,0
m,m,100000000,DuckDB,,4,0,0,30.2925,0
m,h,100000000,AceHash;1;1;1;0,2.5;1,0,1147410080,21.1301,3.0431,0.311433
m,h,100000000,AceHash;1;1;1;0,2.5;1,1,1147410080,21.1334,3.0436,0.311455
m,h,100000000,AceHash;1;1;1;0,2.5;1,2,1147410080,21.1218,3.0432,0.311631
m,h,100000000,AceHash;1;1;1;0,2.5;1,3,1147410080,21.1304,3.0546,0.31168
m,h,100000000,AceHash;1;1;1;0,2.5;1,4,1147410080,21.1188,3.0434,0.312022
m,h,100000000,std::unordered_map,,0,0,14.0039,12.2354,1.04084
m,h,100000000,std::unordered_map,,1,0,13.1119,12.243,1.04132
m,h,100000000,std::unordered_map,,2,0,13.1104,12.2268,1.04186
m,h,100000000,std::unordered_map,,3,0,13.1135,12.2329,1.04153
m,h,100000000,std::unordered_map,,4,0,13.1106,12.2379,1.04239
m,h,100000000,absl::flat_hash_map,,0,0,16.9525,5.21361,0.528818
m,h,100000000,absl::flat_hash_map,,1,0,16.9522,5.21311,0.528666
m,h,100000000,absl::flat_hash_map,,2,0,16.9527,5.21068,0.528881
m,h,100000000,absl::flat_hash_map,,3,0,16.9508,5.2116,0.529046
m,h,100000000,absl::flat_hash_map,,4,0,16.9527,5.21203,0.528664
m,h,100000000,BBHash;0,2.000000,0,1170966080,40.8112,18.8034,1.25137
m,h,100000000,BBHash;0,2.000000,1,1170966080,40.7447,18.8631,1.25133
m,h,100000000,BBHash;0,2.000000,2,1170966080,40.8337,18.8756,1.25134
m,h,100000000,BBHash;0,2.000000,3,1170966080,41.0248,18.9212,1.25184
m,h,100000000,BBHash;0,2.000000,4,1170966080,41.3538,18.9861,1.23499
m,h,100000000,PTHash;dictionary-dictionary;1,8;0.98,0,1145937472,64.1894,7.23234,0.554403
m,h,100000000,PTHash;dictionary-dictionary;1,8;0.98,1,1145938816,64.4409,7.22779,0.553838
m,h,100000000,PTHash;dictionary-dictionary;1,8;0.98,2,1145937472,64.9237,7.2252,0.55355
m,h,100000000,PTHash;dictionary-dictionary;1,8;0.98,3,1145937600,64.4407,7.22309,0.553395
m,h,100000000,PTHash;dictionary-dictionary;1,8;0.98,4,1145937664,64.4472,7.2337,0.554087
m,h,100000000,DuckDB,,0,0,0,31.234,0
m,h,100000000,DuckDB,,1,0,0,30.3249,0
m,h,100000000,DuckDB,,2,0,0,30.2861,0
m,h,100000000,DuckDB,,3,0,0,30.7346,0
m,h,100000000,DuckDB,,4,0,0,30.3491,0
m,m,100000,folly::F14FastMap,,0,0,0.00423843,1.38864,0.136019
m,m,100000,folly::F14FastMap,,1,0,0.00417222,1.34709,0.129717
m,m,100000,folly::F14FastMap,,2,0,0.00203606,1.34593,0.129721
m,m,100000,folly::F14FastMap,,3,0,0.00208959,1.34017,0.129732
m,m,100000,folly::F14FastMap,,4,0,0.00206419,1.33966,0.129684
m,h,100000,folly::F14FastMap,,0,0,0.00346503,1.55209,0.151035
m,h,100000,folly::F14FastMap,,1,0,0.00204015,1.54042,0.151173
m,h,100000,folly::F14FastMap,,2,0,0.00200669,1.53873,0.151076
m,h,100000,folly::F14FastMap,,3,0,0.00204036,1.5444,0.151046
m,h,100000,folly::F14FastMap,,4,0,0.00203433,1.53793,0.151081
m,m,200000,folly::F14FastMap,,0,0,0.0095717,1.60691,0.150587
m,m,200000,folly::F14FastMap,,1,0,0.0101023,1.67799,0.160748
m,m,200000,folly::F14FastMap,,2,0,0.00513793,1.62443,0.161444
m,m,200000,folly::F14FastMap,,3,0,0.0051942,1.65129,0.160714
m,m,200000,folly::F14FastMap,,4,0,0.00516048,1.63786,0.160699
m,h,200000,folly::F14FastMap,,0,0,0.00756721,1.65173,0.167137
m,h,200000,folly::F14FastMap,,1,0,0.00505755,1.64317,0.16722
m,h,200000,folly::F14FastMap,,2,0,0.00514411,1.644,0.167172
m,h,200000,folly::F14FastMap,,3,0,0.00514566,1.64247,0.16713
m,h,200000,folly::F14FastMap,,4,0,0.00513923,1.64086,0.167163
m,m,500000,folly::F14FastMap,,0,0,0.0343313,2.67729,0.220993
m,m,500000,folly::F14FastMap,,1,0,0.0361913,2.81757,0.229302
m,m,500000,folly::F14FastMap,,2,0,0.0264147,2.79914,0.229405
m,m,500000,folly::F14FastMap,,3,0,0.026208,2.79344,0.229391
m,m,500000,folly::F14FastMap,,4,0,0.0263961,2.79937,0.229428
m,h,500000,folly::F14FastMap,,0,0,0.0286844,2.76192,0.231272
m,h,500000,folly::F14FastMap,,1,0,0.0257156,2.76454,0.231258
m,h,500000,folly::F14FastMap,,2,0,0.0256247,2.76331,0.23109
m,h,500000,folly::F14FastMap,,3,0,0.0256865,2.76574,0.231131
m,h,500000,folly::F14FastMap,,4,0,0.0256122,2.76146,0.230945
m,m,1000000,folly::F14FastMap,,0,0,0.109191,3.94238,0.339531
m,m,1000000,folly::F14FastMap,,1,0,0.108973,3.93561,0.339915
m,m,1000000,folly::F14FastMap,,2,0,0.108941,3.90256,0.339699
m,m,1000000,folly::F14FastMap,,3,0,0.108825,3.93401,0.339994
m,m,1000000,folly::F14FastMap,,4,0,0.108876,3.94572,0.339733
m,h,1000000,folly::F14FastMap,,0,0,0.108808,3.92452,0.340867
m,h,1000000,folly::F14FastMap,,1,0,0.109395,3.92383,0.340771
m,h,1000000,folly::F14FastMap,,2,0,0.1084,3.91617,0.341989
m,h,1000000,folly::F14FastMap,,3,0,0.108321,3.91645,0.340979
m,h,1000000,folly::F14FastMap,,4,0,0.108768,3.91828,0.340803
m,m,2000000,folly::F14FastMap,,0,0,0.2784,4.50888,0.420857
m,m,2000000,folly::F14FastMap,,1,0,0.277553,4.53145,0.420682
m,m,2000000,folly::F14FastMap,,2,0,0.277928,4.50121,0.420977
m,m,2000000,folly::F14FastMap,,3,0,0.277907,4.50828,0.421992
m,m,2000000,folly::F14FastMap,,4,0,0.278187,4.53884,0.420756
m,h,2000000,folly::F14FastMap,,0,0,0.279773,4.51441,0.421537
m,h,2000000,folly::F14FastMap,,1,0,0.278518,4.51524,0.421713
m,h,2000000,folly::F14FastMap,,2,0,0.279393,4.52041,0.421653
m,h,2000000,folly::F14FastMap,,3,0,0.279698,4.52033,0.423113
m,h,2000000,folly::F14FastMap,,4,0,0.278664,4.51971,0.421732
m,m,5000000,folly::F14FastMap,,0,0,0.706339,4.99069,0.492653
m,m,5000000,folly::F14FastMap,,1,0,0.704705,5.02902,0.492579
m,m,5000000,folly::F14FastMap,,2,0,0.704542,5.01919,0.492761
m,m,5000000,folly::F14FastMap,,3,0,0.704352,5.03311,0.492688
m,m,5000000,folly::F14FastMap,,4,0,0.703872,5.00335,0.492673
m,h,5000000,folly::F14FastMap,,0,0,0.768359,4.97198,0.480508
m,h,5000000,folly::F14FastMap,,1,0,0.769294,4.97242,0.48076
m,h,5000000,folly::F14FastMap,,2,0,0.772769,4.96251,0.48151
m,h,5000000,folly::F14FastMap,,3,0,0.768069,4.96971,0.480477
m,h,5000000,folly::F14FastMap,,4,0,0.769566,4.97637,0.480805
m,m,10000000,folly::F14FastMap,,0,0,1.52927,5.32605,0.528885
m,m,10000000,folly::F14FastMap,,1,0,1.52676,5.31542,0.528926
m,m,10000000,folly::F14FastMap,,2,0,1.5269,5.31098,0.528748
m,m,10000000,folly::F14FastMap,,3,0,1.52671,5.27555,0.528923
m,m,10000000,folly::F14FastMap,,4,0,1.52654,5.27604,0.528867
m,h,10000000,folly::F14FastMap,,0,0,1.52639,5.31448,0.520454
m,h,10000000,folly::F14FastMap,,1,0,1.52613,5.31193,0.52033
m,h,10000000,folly::F14FastMap,,2,0,1.52473,5.31154,0.520668
m,h,10000000,folly::F14FastMap,,3,0,1.52147,5.30762,0.520233
m,h,10000000,folly::F14FastMap,,4,0,1.52594,5.31276,0.52023
m,m,20000000,folly::F14FastMap,,0,0,3.21827,5.49463,0.550139
m,m,20000000,folly::F14FastMap,,1,0,3.21216,5.47166,0.550041
m,m,20000000,folly::F14FastMap,,2,0,3.21439,5.50093,0.550044
m,m,20000000,folly::F14FastMap,,3,0,3.21048,5.47938,0.550189
m,m,20000000,folly::F14FastMap,,4,0,3.2147,5.51168,0.550269
m,h,20000000,folly::F14FastMap,,0,0,3.28538,5.68052,0.555275
m,h,20000000,folly::F14FastMap,,1,0,3.28306,5.67155,0.555123
m,h,20000000,folly::F14FastMap,,2,0,3.28617,5.67074,0.554786
m,h,20000000,folly::F14FastMap,,3,0,3.28346,5.66925,0.55493
m,h,20000000,folly::F14FastMap,,4,0,3.28473,5.67224,0.554734
m,m,50000000,folly::F14FastMap,,0,0,9.25729,6.14846,0.587426
m,m,50000000,folly::F14FastMap,,1,0,9.24103,6.10775,0.58716
m,m,50000000,folly::F14FastMap,,2,0,9.24674,6.0861,0.5873
m,m,50000000,folly::F14FastMap,,3,0,9.2457,6.15476,0.58728
m,m,50000000,folly::F14FastMap,,4,0,9.23911,6.09997,0.587212
m,h,50000000,folly::F14FastMap,,0,0,9.16162,6.1697,0.593871
m,h,50000000,folly::F14FastMap,,1,0,9.16683,6.16381,0.593892
m,h,50000000,folly::F14FastMap,,2,0,9.167,6.169,0.593802
m,h,50000000,folly::F14FastMap,,3,0,9.1676,6.16813,0.593883
m,h,50000000,folly::F14FastMap,,4,0,9.15941,6.16769,0.593811
m,m,100000000,folly::F14FastMap,,0,0,18.9124,6.3031,0.597638
m,m,100000000,folly::F14FastMap,,1,0,18.9057,6.27857,0.59721
m,m,100000000,folly::F14FastMap,,2,0,18.8889,6.20147,0.597149
m,m,100000000,folly::F14FastMap,,3,0,18.9013,6.23911,0.597183
m,m,100000000,folly::F14FastMap,,4,0,18.9023,6.25098,0.59721
m,h,100000000,folly::F14FastMap,,0,0,18.8562,6.72818,0.645673
m,h,100000000,folly::F14FastMap,,1,0,18.8541,6.71717,0.645503
m,h,100000000,folly::F14FastMap,,2,0,18.8556,6.71223,0.645537
m,h,100000000,folly::F14FastMap,,3,0,18.8553,6.71583,0.645796
m,h,100000000,folly::F14FastMap,,4,0,18.8614,6.71441,0.64584
